product_id,product_name,ingredients_text,tokens,labels
5010029000016,Weetabix,"Wholegrain Wheat (95%), Malted Barley Extract, Sugar, Salt, Niacin, Iron, Riboflavin (B2), Thiamin (B1), Folic Acid.","WHOLEGRAIN,WHEAT,MALTED,BARLEY,EXTRACT,SUGAR,SALT,NIACIN,IRON,RIBOFLAVIN,THIAMIN,FOLIC,ACID","O,O,B-SUGAR,I-SUGAR,I-SUGAR,B-SUGAR,B-SODIUM,O,O,O,O,O,O"
3168930010265,cruesly mélange de noix,"_avoine_ complète (32%), _blé_ complet (18%), sirop de glucose, huile de tournesol, sucre, _amandes_ grillées (4,2%), _noisettes_ (4%), oligofructose, _noix de Pécan_ (1,5%), farine de _blé_, farine de riz, _noix du Brésil_ (1%), miel, arômes naturels, antioxydant (tocophérol).","AVOINE,COMPLTE,BL,COMPLET,SIROP,DE,GLUCOSE,HUILE,DE,TOURNESOL,SUCRE,AMANDES,GRILLES,NOISETTES,OLIGOFRUCTOSE,NOIX,DE,PCAN,FARINE,DE,BL,FARINE,DE,RIZ,NOIX,DU,BRSIL,MIEL,ARMES,NATURELS,ANTIOXYDANT","O,O,O,O,B-SUGAR,I-SUGAR,I-SUGAR,O,O,O,B-SUGAR,B-PROTEIN,I-PROTEIN,B-PROTEIN,O,B-PROTEIN,O,O,O,O,O,O,O,O,B-PROTEIN,O,O,B-SUGAR,O,O,O"
5010029000801,Family Pack,"Wholegrain _Wheat_ (95%), Malted _Barley_ Extract, Sugar, Salt, Niacin, Iron, Riboflavin (B2), Thiamin (B1), Folic Acid.","WHOLEGRAIN,WHEAT,MALTED,BARLEY,EXTRACT,SUGAR,SALT,NIACIN,IRON,RIBOFLAVIN,THIAMIN,FOLIC,ACID","O,O,B-SUGAR,I-SUGAR,I-SUGAR,B-SUGAR,B-SODIUM,O,O,O,O,O,O"
20003166,Haferflocken,100 % wholemeal oat flakes,"WHOLEMEAL,OAT,FLAKES","O,O,O"
3229820019307,Flocons d'avoine,Flocons d'_avoine_ complète issue de l'agriculture biologique.,"FLOCONS,DAVOINE,COMPLTE,ISSUE,DE,LAGRICULTURE,BIOLOGIQUE","O,O,O,O,O,O,O"
3229820160672,Croustillant Chocolat,"Flocons d'avoine complète, Flocons de blé complet, Chocolat noir 8% (pâte de cacao, sucre de canne non raffiné, beurre de cacao), Riz extrudé (farine de riz), Sucre de canne non raffiné, Farine de blé, Huile de tournesol, Miel, Stabilisant: gomme d'acacia, Mélasses, Flocons de noix de coco, Sel marin, Cannelle, Antioxydant: extrait riche en tocophérols.","FLOCONS,DAVOINE,COMPLTE,FLOCONS,DE,BL,COMPLET,CHOCOLAT,NOIR,RIZ,EXTRUD,SUCRE,DE,CANNE,NON,RAFFIN,FARINE,DE,BL,HUILE,DE,TOURNESOL,MIEL,STABILISANT,GOMME,DACACIA,MLASSES,FLOCONS,DE,NOIX,DE,COCO,SEL,MARIN,CANNELLE,ANTIOXYDANT,EXTRAIT,RICHE,EN,TOCOPHROLS","O,O,O,O,O,O,O,B-SUGAR,I-SUGAR,O,O,B-SUGAR,O,O,O,O,O,O,O,O,O,O,B-SUGAR,O,O,O,O,O,O,B-PROTEIN,O,O,B-SODIUM,O,O,O,O,O,O,O"
5010029000023,Weetabix produit à base de blé complet 100%,"_Blé_ complet (95%), extrait d'_orge_ maltée, sucre, sel, niacine, fer, vitamines B2, vitamines B1, vitamines B9.","BL,COMPLET,EXTRAIT,DORGE,MALTE,SUCRE,SEL,NIACINE,FER,VITAMINES,B,VITAMINES,B,VITAMINES,B","O,O,O,O,O,B-SUGAR,B-SODIUM,O,O,O,O,O,O,O,O"
4088600247519,Wheat Bisks,"whole wheat (95%), barley malt extract, sugar, salt, niacin, iron, riboflavin, thiamin, folic acid,","WHOLE,WHEAT,BARLEY,MALT,EXTRACT,SUGAR,SALT,NIACIN,IRON,RIBOFLAVIN,THIAMIN,FOLIC,ACID","O,O,B-SUGAR,I-SUGAR,O,B-SUGAR,B-SODIUM,O,O,O,O,O,O"
3229820129488,"Muesli Raisin, Figue, Abricot","Flocons d'avoine* complète, Flocons de blé* complet, Raisins 8% (raisins*, huile de tournesol*), Figues* séchées 8% (figues*, farine de riz*), Flocons d'épeautre* complet, Pétales de maïs*, Dattes* 4 % (dattes*, farine de riz*), Abricots* secs 3% (abricots*, farine de riz*), Graines de tournesol*, Pétales d'épeautre* complet, Graines de lin*, Graines de courge*.
 Peut contenir des traces de lait, de fruits à coque, de graines de sésame et de soja. *Ingrédients biologiques.","FLOCONS,DAVOINE,COMPLTE,FLOCONS,DE,BL,COMPLET,RAISINS,FIGUES,SCHES,FLOCONS,DPEAUTRE,COMPLET,PTALES,DE,MAS,DATTES,ABRICOTS,SECS,GRAINES,DE,TOURNESOL,PTALES,DPEAUTRE,COMPLET,GRAINES,DE,LIN,GRAINES,DE,COURGE,PEUT,CONTENIR,DES,TRACES,DE,LAIT,DE,FRUITS,COQUE,DE,GRAINES,DE,SSAME,ET,DE,SOJA,INGRDIENTS,BIOLOGIQUES","O,O,O,O,O,O,O,B-SUGAR,B-SUGAR,I-SUGAR,O,O,O,O,O,O,O,B-SUGAR,I-SUGAR,O,O,O,O,O,O,O,O,O,O,O,O,O,O,O,O,O,B-PROTEIN,O,O,O,O,O,O,O,O,O,B-PROTEIN,O,O"
5010477348678,Special Muesli 30% fruits & noix,"Céréales complètes (59%) (flocons d'_avoine_, flocons de _blé_, flocons de _blé_ grillés), fruits secs (raisins secs, raisins de sultanine, abricots secs hachés, tranches de pommes séchées, éclats de noix de coco grillés), noix (_noisettes_ hachées grillées, _amandes_ effilées), flocons d'_orge_, graines de tournesol.","CRALES,COMPLTES,FRUITS,SECS,NOIX,FLOCONS,DORGE,GRAINES,DE,TOURNESOL","O,O,O,O,B-PROTEIN,O,O,O,O,O"
5000108022152,Quaker Rolled Oats,100% rolled oats,"ROLLED,OATS","O,O"
3229820782560,"Muesli SuperFruits Raisins, cassis,cranberry, myrtille","Flocons d'avoine* complète, Raisins secs* 16% (raisins secs*, huile de tournesol*), Flocons de blé* complet, Flocons d'épeautre complet* (blé), Flocons de blé, Amandes entières*, Cassis lyophilisés* 1%, Cranberries lyophilisées* 0,6%, Myrtilles lyophilisées* 0,5%. Peut contenir des traces de lait, d'autres fruits à coque, de graines de sésame, de soja. *Ingrédients biologiques.","FLOCONS,DAVOINE,COMPLTE,RAISINS,SECS,FLOCONS,DE,BL,COMPLET,FLOCONS,DPEAUTRE,COMPLET,FLOCONS,DE,BL,AMANDES,ENTIRES,CASSIS,LYOPHILISS,CRANBERRIES,LYOPHILISES,MYRTILLES,LYOPHILISES,PEUT,CONTENIR,DES,TRACES,DE,LAIT,DAUTRES,FRUITS,COQUE,DE,GRAINES,DE,SSAME,DE,SOJA,INGRDIENTS,BIOLOGIQUES","O,O,O,B-SUGAR,I-SUGAR,O,O,O,O,O,O,O,O,O,O,B-PROTEIN,I-PROTEIN,O,O,O,O,O,O,O,O,O,O,O,B-PROTEIN,O,O,O,O,O,O,O,O,B-PROTEIN,O,O"
3159470000120,Corn Flakes,"corn, sugar, aroma of malt of barley, salt, vitamins and minerals : vitamin b3/pp, vitamin b6, vitamin b2, vitamin b1, vitamin b9, vitamin d, vitamin b12, iron,","CORN,SUGAR,AROMA,OF,MALT,OF,BARLEY,SALT,VITAMINS,AND,MINERALS,VITAMIN,BPP,VITAMIN,B,VITAMIN,B,VITAMIN,B,VITAMIN,B,VITAMIN,D,VITAMIN,B,IRON","O,B-SUGAR,O,O,O,O,O,B-SODIUM,O,O,O,O,O,O,O,O,O,O,O,O,O,O,O,O,O,O"
3168930009078,Flocons d'avoine complète,100% Flocons d'avoine.,"FLOCONS,DAVOINE","O,O"
5010477348357,Country Crisp 4 noix,"Céréales complètes (48%) (flocons d'_avoine_, farine d'_avoine_), sucre, noix (14%) (_noisettes_ grillées en morceaux et entières, _amandes_ effilées et entières, morceaux de _noix du Brésil_, éclats de _noix de pécan_), flocons d'_orge_, huile végétale (huile de colza, huile de tournesol), farine de riz, noix de coco séchée, arôme naturel.","CRALES,COMPLTES,SUCRE,NOIX,FLOCONS,DORGE,HUILE,VGTALE,FARINE,DE,RIZ,NOIX,DE,COCO,SCHE,ARME,NATUREL","O,O,B-SUGAR,B-PROTEIN,O,O,O,O,O,O,O,B-PROTEIN,O,O,O,O,O"
5018357012497,simply nutty muesli,"wholegrain oat flakes,  chopped dates, barley flakes, wholegrain wheat flakes, chopped roasted hazelnuts, whole almonds, chopped brazil nuts, sunflower seeds","WHOLEGRAIN,OAT,FLAKES,CHOPPED,DATES,BARLEY,FLAKES,WHOLEGRAIN,WHEAT,FLAKES,CHOPPED,ROASTED,HAZELNUTS,WHOLE,ALMONDS,CHOPPED,BRAZIL,NUTS,SUNFLOWER,SEEDS","O,O,O,O,B-SUGAR,O,O,O,O,O,O,B-PROTEIN,I-PROTEIN,B-PROTEIN,I-PROTEIN,O,B-PROTEIN,I-PROTEIN,O,O"
7613287194374,Bitesize shredded wheat,Whole Grain Wheat (100%),"WHOLE,GRAIN,WHEAT","O,O,O"
5070000126579,Super Seedy & Nutty Granola,"Wholegrain Oats (60%), Dates, Chicory Root Fibre, Seeds (5%) (Pumpkin, Sunflower, Brown Linseed), Nuts (4%) (Skin on Almonds, Cashew Nuts), Extra Virgin Olive Oil, Dried Carrot, Puffed Brown Rice, Quinoa, Natural Flavouring.","WHOLEGRAIN,OATS,DATES,CHICORY,ROOT,FIBRE,SEEDS,NUTS,EXTRA,VIRGIN,OLIVE,OIL,DRIED,CARROT,PUFFED,BROWN,RICE,QUINOA,NATURAL,FLAVOURING","O,O,B-SUGAR,O,O,O,O,B-PROTEIN,O,O,O,O,O,O,O,O,O,O,O,O"
5000119117359,Wheat Biscuits,"Wheat (95%), Malted Barley Extract, Sugar, Salt, Niacin, Iron, Riboflavin, Thiamin, Folic Acid. Allergy Advice","WHEAT,MALTED,BARLEY,EXTRACT,SUGAR,SALT,NIACIN,IRON,RIBOFLAVIN,THIAMIN,FOLIC,ACID,ALLERGY,ADVICE","O,B-SUGAR,I-SUGAR,I-SUGAR,B-SUGAR,B-SODIUM,O,O,O,O,O,O,O,O"
3229820769165,Muesli avoine chocolat bio,"Flocons d'avoine* complète 35%, Flocons croustillants d'avoine* 33% (avoine complète, miel*), Flocons de blé* complet, Pétales de maïs au chocolat* 7% [pétales de maïs* (maïs*, sucre de canne* brut, sel de mer), sucre de canne* brut, beurre de cacao*, pâte de cacao*, lait* entier en poudre, agent d'enrobage : gomme arabique], Chocolat noir* 7% (pâte de cacao*, sucre de canne* brut, beurre de cacao*), Flocons d'épeautre* complet (blé), Billettes au cacao* (farine de blé*, sucre de canne* brut, farine d'avoine*, poudre de cacao* maigre, farine de malt d'orge*).","FLOCONS,DAVOINE,COMPLTE,FLOCONS,CROUSTILLANTS,DAVOINE,FLOCONS,DE,BL,COMPLET,PTALES,DE,MAS,AU,CHOCOLAT,PTALES,DE,MAS,SUCRE,DE,CANNE,BRUT,BEURRE,DE,CACAO,PTE,DE,CACAO,LAIT,ENTIER,EN,POUDRE,AGENT,DENROBAGE,GOMME,ARABIQUE,CHOCOLAT,NOIR,FLOCONS,DPEAUTRE,COMPLET,BILLETTES,AU,CACAO","O,O,O,O,O,O,O,O,O,O,O,O,O,O,O,O,O,O,B-SUGAR,O,O,O,O,O,O,O,O,O,B-PROTEIN,O,O,O,O,O,O,O,B-SUGAR,I-SUGAR,O,O,O,O,O,O"
5000436857112,Malt Wheats,"Wholewheat Flour, Sugar, Malted Barley Extract, Partially Inverted Sugar Syrup, Salt, Niacin, Iron, Pantothenic Acid, Thiamin, Riboflavin, Vitamin B6, Folic Acid, Vitamin B12.","WHOLEWHEAT,FLOUR,SUGAR,MALTED,BARLEY,EXTRACT,PARTIALLY,INVERTED,SUGAR,SYRUP,SALT,NIACIN,IRON,PANTOTHENIC,ACID,THIAMIN,RIBOFLAVIN,VITAMIN,B,FOLIC,ACID,VITAMIN,B","O,O,B-SUGAR,B-SUGAR,I-SUGAR,I-SUGAR,O,O,B-SUGAR,B-SUGAR,B-SODIUM,O,O,O,O,O,O,O,O,O,O,O,O"
5010029226188,Muesli,"Wholegrain Wheat, Rolled Oats, Raisins, Hazelnuts, Almonds","WHOLEGRAIN,WHEAT,ROLLED,OATS,RAISINS,HAZELNUTS,ALMONDS","O,O,O,O,B-SUGAR,B-PROTEIN,B-PROTEIN"
5010029229035,Crispy minis imp,"Wholegrain _Wheat_ 88%, Plain Chocolate 12% (Sugar, Cocoa Mass, Cocoa Butter, Emulsifier: Soya Lecithin, Flavouring), Sugar, Salt, Flavouring, Iron, Niacin, Thiamin (B1), Riboflavin (B2), Folic Acid, Vitamin D.","WHOLEGRAIN,WHEAT,PLAIN,CHOCOLATE,SUGAR,SALT,FLAVOURING,IRON,NIACIN,THIAMIN,RIBOFLAVIN,FOLIC,ACID,VITAMIN,D","O,O,O,O,B-SUGAR,B-SODIUM,O,O,O,O,O,O,O,O,O"
7613036669146,NESTLE CHOCAPIC BIO Céréales 375g,"Farine de BLÉ complet* 34,8 %, chocolat en poudre 23,9 % (sucre*, cacao en poudre**), farine de BLÉ*, semoule de maïs*, sirop de glucose*, extrait de malt d'ORGE*, huile de tournesol*, sel, arôme naturel de vanille, arôme naturel de cannelle. Peut contenir du LAIT et des FRUITS À COQUE. *ingrédients issus de l'agriculture biologique. **Bilan massique certifié Rainforest Alliance. www.ra.org/fr. Nestlé achète une quantité de cacao certifié Rainforest Alliance équivalente à celle nécessaire pour ce produit.","FARINE,DE,BL,COMPLET,CHOCOLAT,EN,POUDRE,FARINE,DE,BL,SEMOULE,DE,MAS,SIROP,DE,GLUCOSE,EXTRAIT,DE,MALT,DORGE,HUILE,DE,TOURNESOL,SEL,ARME,NATUREL,DE,VANILLE,ARME,NATUREL,DE,CANNELLE,PEUT,CONTENIR,DU,LAIT,ET,DES,FRUITS,COQUE,INGRDIENTS,ISSUS,DE,LAGRICULTURE,BIOLOGIQUE,BILAN,MASSIQUE,CERTIFI,RAINFOREST,ALLIANCE,WWWRAORGFR,NESTL,ACHTE,UNE,QUANTIT,DE,CACAO,CERTIFI,RAINFOREST,ALLIANCE,QUIVALENTE,CELLE,NCESSAIRE,POUR,CE,PRODUIT","O,O,O,O,O,O,O,O,O,O,O,O,O,B-SUGAR,I-SUGAR,I-SUGAR,O,O,O,O,O,O,O,B-SODIUM,O,O,O,O,O,O,O,O,O,O,O,B-PROTEIN,O,O,O,O,O,O,O,O,O,O,O,O,O,O,O,O,O,O,O,O,O,O,O,O,O,O,O,O,O,O"
7613034626844,Céréales Chocapic,"Blé complet 35,0%, chocolat en poudre 22,5% (sucre, cacao en poudre), farine de blé 17,0%, semoule de maïs, sirop de glucose, sucre, extrait de malt d'orge (orge, orge malté), contient de l'huile de tournesol et/ou de palme, carbonate de calcium, émulsifiant : lécithines; sel, arômes naturels, fer, vitamines B3, B5, D, B6, B1, B2 et B9.","BL,COMPLET,CHOCOLAT,EN,POUDRE,FARINE,DE,BL,SEMOULE,DE,MAS,SIROP,DE,GLUCOSE,SUCRE,EXTRAIT,DE,MALT,DORGE,CONTIENT,DE,LHUILE,DE,TOURNESOL,ETOU,DE,PALME,CARBONATE,DE,CALCIUM,MULSIFIANT,LCITHINES,SEL,ARMES,NATURELS,FER,VITAMINES,B,B,D,B,B,B,ET,B","O,O,O,O,O,O,O,O,O,O,O,B-SUGAR,I-SUGAR,I-SUGAR,B-SUGAR,O,O,O,O,O,O,O,O,O,O,O,O,O,O,O,O,O,B-SODIUM,O,O,O,O,O,O,O,O,O,O,O,O"
3168930163480,Alvalle Gazpacho l'original,"Tomate,poivron,concombre,oignon, huile d'olive vierge extra (2,2%),vinaigre de vin,sel,ail,jus de citron,teneur en légumes: 94%","TOMATE,POIVRON,CONCOMBRE,OIGNON,HUILE,DOLIVE,VIERGE,EXTRA,VINAIGRE,DE,VIN,SEL,AIL,JUS,DE,CITRON,TENEUR,EN,LGUMES","O,O,O,O,O,O,O,O,O,O,O,B-SODIUM,O,O,O,O,O,O,O"
5000157062673,Cream of Tomato Soup,"Tomatoes (89%), Water, Modified Cornflour Sugar, Rapeseed Oil, Dried Skimmed Milk, Salt, Cream (Milk), Milk Proteins, Acidity Regulator - Citric Acid, Spice Extracts, Herb Extract","TOMATOES,WATER,MODIFIED,CORNFLOUR,SUGAR,RAPESEED,OIL,DRIED,SKIMMED,MILK,SALT,CREAM,MILK,PROTEINS,ACIDITY,REGULATOR,CITRIC,ACID,SPICE,EXTRACTS,HERB,EXTRACT","O,O,O,O,B-SUGAR,O,O,O,O,B-PROTEIN,B-SODIUM,O,B-PROTEIN,O,O,O,O,O,O,O,O,O"
8852018101024,Chicken Flavour,"_Weizenmehl_ (_Gluten_), Palmöl (Palmöl, Antioxidationsmittel: E306), Salz, Tapiokastärke, modifizierte Tapiokastärke, Knoblauch 1,7%, Aroma, Geschmacksverstärker: E621, E635, Zucker, Chili 0,5%, Frühlingszwiebel 0,1%, Pfeffer 0,1%, Maisstärke, Säuerungsmittel: E296, Verdickungsmittel: E466, Hefeextrakt, Farbstoff: E150c","WEIZENMEHL,PALML,SALZ,TAPIOKASTRKE,MODIFIZIERTE,TAPIOKASTRKE,KNOBLAUCH,AROMA,GESCHMACKSVERSTRKER,E,E,ZUCKER,CHILI,FRHLINGSZWIEBEL,PFEFFER,MAISSTRKE,SUERUNGSMITTEL,E,VERDICKUNGSMITTEL,E,HEFEEXTRAKT,FARBSTOFF,EC","O,O,O,O,O,O,O,O,O,O,O,O,O,O,O,O,O,O,O,O,O,O,O"
5056053305703,Classic Chicken,"Water, potato 20%, onion, chicken 5%, single cream (milk) (4%), roast chicken stock (roast chicken, rehydrated potato, water, yeast extract, salt, chicken fat), cornflour, salted butter (butter (milk), salt), garlic puree, salt, black pepper.","WATER,POTATO,ONION,CHICKEN,SINGLE,CREAM,ROAST,CHICKEN,STOCK,CORNFLOUR,SALTED,BUTTER,SALT,GARLIC,PUREE,SALT,BLACK,PEPPER","O,O,O,O,O,O,O,O,O,O,O,O,B-SODIUM,O,O,B-SODIUM,O,O"
5056053308742,Vegetable and roast chicken soup,"Vegetables (49%) (potato, carrot, onion, savoy cabbage, broccoli, leek, celeriac (celery), parsnip, celery), water, chicken (5%) (roast chicken, chicken), roast chicken stock [water, roast chicken, yeast extract, salt, potato flake, chicken fat], double cream (milk), vegetable bouillon [salt, potato starch, dried vegetables (celeriac (celery), onion, garlic, tomato), spices (celery, turmeric, black pepper, mace, nutmeg), herbs (lovage, parsley)], unsalted butter (milk), garlic purée, fresh Yorkshire parsley, thyme, black pepper, salt","VEGETABLES,PARSNIP,CELERY,WATER,CHICKEN,ROAST,CHICKEN,STOCK,WATER,ROAST,CHICKEN,YEAST,EXTRACT,SALT,POTATO,FLAKE,CHICKEN,FAT,DOUBLE,CREAM,VEGETABLE,BOUILLON,SALT,POTATO,STARCH,DRIED,VEGETABLES,ONION,GARLIC,TOMATO,SPICES,HERBS,UNSALTED,BUTTER,GARLIC,PURE,FRESH,YORKSHIRE,PARSLEY,THYME,BLACK,PEPPER,SALT","O,O,O,O,O,O,O,O,O,O,O,B-SODIUM,I-SODIUM,B-SODIUM,O,O,O,O,O,O,O,O,B-SODIUM,O,O,O,O,O,O,O,O,O,O,O,O,O,O,O,O,O,O,O,B-SODIUM"
8410300349051,Caldo casero de pollo,"Agua, pollo 14%, _apio_ 0,5%, patata 0,4%, cebolla 0,2%, zanahoria 0,2%, puerro 0,2%, grasa de cerdo, aroma natural (_huevo_), sal, especias,","AGUA,POLLO,APIO,PATATA,CEBOLLA,ZANAHORIA,PUERRO,GRASA,DE,CERDO,AROMA,NATURAL,SAL,ESPECIAS","O,O,O,O,O,O,O,O,O,O,O,O,O,O"
8712566479665,Vegetable Stock Pot 8 x imp,"concentrated vegetable stock (water, carrots, leek, red bell pepper, celeriac) (43%), glucose syrup, salt, yeast extract, palm fat, sugar, potassium chloride, parsley, vegetable juice concentrate (celery, carrots, leek, onions) (0,9%), spices (celery seeds, lovage root, nutmeg, pepper), gelling agents (xanthan gum, locust bean gum), flavourings, caramel syrup, maltodextrin,","CONCENTRATED,VEGETABLE,STOCK,GLUCOSE,SYRUP,SALT,YEAST,EXTRACT,PALM,FAT,SUGAR,POTASSIUM,CHLORIDE,PARSLEY,VEGETABLE,JUICE,CONCENTRATE,SPICES,GELLING,AGENTS,FLAVOURINGS,CARAMEL,SYRUP,MALTODEXTRIN","O,O,O,B-SUGAR,B-SUGAR,B-SODIUM,B-SODIUM,I-SODIUM,O,O,B-SUGAR,O,O,O,O,O,O,O,O,O,O,O,B-SUGAR,O"
3036811363147,PurSoup' Velouté de 10 légumes,"Eau, légumes 42% (jus de tomates à base de concentré, pomme de terre, carotte, oignon, poireau, potiron, céleri, petit pois, navet,chou-fleur), amidon transformé de maïs, huile de colza, beurre de cuisine, sel, lait écrémé en poudre, arômes (contient lait),","EAU,LGUMES,AMIDON,TRANSFORM,DE,MAS,HUILE,DE,COLZA,BEURRE,DE,CUISINE,SEL,LAIT,CRM,EN,POUDRE,ARMES","O,O,O,O,O,O,O,O,O,O,O,O,B-SODIUM,B-PROTEIN,O,O,O,O"
8422174010029,Gazpacho Original,"Verdures fresques (94%) (tomàquet, pebrot vermell, cogombre, ceba), 
oli d'oliva verge extra (2,2%), 
vinagre de vi, 
sal marina, 
all, 
suc de llimona","VERDURES,FRESQUES,OLI,DOLIVA,VERGE,EXTRA,VINAGRE,DE,VI,SAL,MARINA,ALL,SUC,DE,LLIMONA","O,O,O,O,O,O,O,O,O,O,O,O,O,O,O"
8480000156044,Gazpacho Tradicional,"Fresh vegetables 96% (Tomato, bell pepper, cucumber, onion), extra-virgin-olive-oil (2,2%), wine vinegar, salt, garlic.","FRESH,VEGETABLES,EXTRAVIRGINOLIVEOIL,WINE,VINEGAR,SALT,GARLIC","O,O,O,O,O,B-SODIUM,O"
8801043150620,SHIN RAMYUN NOODLE,"noodles 89%: wheat flour, potato starch, palm oil, salt, acidity regulators: e501, e500, e339, antioxidant: e306, emulsifier: e322 (contains soy), seasoning (yeast extract, soybean, garlic, wheat starch), green tea extract, colour: e101, seasoning powder 9%: seasoning (hydrolyzed vegetable protein (soy), maltodextrin, yeast extract, salt, wheat flour), salt, spices (maltodextrin, black pepper, red chili pepper, garlic, corn flour),    flavour enhancers: e621, e627, e631, sugar, glucose, shiitake, vegetable mushroom flakes 2%: pak-choi, shiitake, textured vegetable protein (soy, wheat gluten), carrot, red chili pepper, onion, may contain barley, crustaceans, eggs, fish, peanuts, milk, celery, mustard, sesame seeds and molluscs,","NOODLES,WHEAT,FLOUR,POTATO,STARCH,PALM,OIL,SALT,ACIDITY,REGULATORS,E,E,E,ANTIOXIDANT,E,EMULSIFIER,E,SEASONING,GREEN,TEA,EXTRACT,COLOUR,E,SEASONING,POWDER,SEASONING,MALTODEXTRIN,YEAST,EXTRACT,SALT,WHEAT,FLOUR,SALT,SPICES,FLAVOUR,ENHANCERS,E,E,E,SUGAR,GLUCOSE,SHIITAKE,VEGETABLE,MUSHROOM,FLAKES,PAKCHOI,SHIITAKE,TEXTURED,VEGETABLE,PROTEIN,CARROT,RED,CHILI,PEPPER,ONION,MAY,CONTAIN,BARLEY,CRUSTACEANS,EGGS,FISH,PEANUTS,MILK,CELERY,MUSTARD,SESAME,SEEDS,AND,MOLLUSCS","O,O,O,O,O,O,O,B-SODIUM,O,O,O,O,O,O,O,O,O,O,O,O,O,O,O,O,O,O,O,B-SODIUM,I-SODIUM,B-SODIUM,O,O,B-SODIUM,O,O,O,O,O,O,B-SUGAR,B-SUGAR,O,O,O,O,O,O,O,O,O,O,O,O,O,O,O,O,O,O,O,O,O,B-PROTEIN,O,O,O,O,O,O"
5056053305802,Vegetable soup,"water, carrot (18%), potato (12%), onion (6%), swede (6%), turnip (6%), parsnip (4%), cauliflower (4%), celery (4%), red split lentils (1.5%), milk, single cream (milk), rapeseed oil, salt, parsley, white pepper. for allergens see ingredients in bold.","WATER,CARROT,POTATO,ONION,SWEDE,TURNIP,PARSNIP,CAULIFLOWER,CELERY,RED,SPLIT,LENTILS,MILK,SINGLE,CREAM,RAPESEED,OIL,SALT,PARSLEY,WHITE,PEPPER,FOR,ALLERGENS,SEE,INGREDIENTS,IN,BOLD","O,O,O,O,O,O,O,O,O,O,O,O,B-PROTEIN,O,O,O,O,B-SODIUM,O,O,O,O,O,O,O,O,O"
3011360007421,Knorr Soupe Minestrone à l'Huile d'Olive 104g 4 Portions,"pâtes gentilini : 27% (semoule de BLÉ dur), pomme de terre¹, tomate¹ : 14%, amidon de pomme de terre, 
haricot blanc,sel, haricot brun, carotte¹ : 2,9%, huile d'olive vierge extra : 2,9%, haricot vert¹ : 1,9%, chlorure de potassium, protéines végétales hydrolysées, oignon¹, épices et aromates (curcuma¹, ail¹, persil¹, basilic¹ : 0,1%, poivre, graines de CÉLERI, romarin), petit pois¹ : 1%, extrait de levure, jus de citron, (jus de citron, maltodextrine), arôme. Peut contenir : lait, moutarde, œuf, soja. 
¹Ingrédients issus de l'agriculture durable : 43%. 

Teneur en légumes : 50,5%.","PTES,GENTILINI,POMME,DE,TERRE,TOMATE,AMIDON,DE,POMME,DE,TERRE,HARICOT,BLANC,SEL,HARICOT,BRUN,CAROTTE,HUILE,DOLIVE,VIERGE,EXTRA,HARICOT,VERT,CHLORURE,DE,POTASSIUM,PROTINES,VGTALES,HYDROLYSES,OIGNON,PICES,ET,AROMATES,PETIT,POIS,EXTRAIT,DE,LEVURE,JUS,DE,CITRON,ARME,PEUT,CONTENIR,LAIT,MOUTARDE,UF,SOJA,INGRDIENTS,ISSUS,DE,LAGRICULTURE,DURABLE,TENEUR,EN,LGUMES","O,O,O,O,O,O,O,O,O,O,O,O,O,B-SODIUM,O,O,O,O,O,O,O,O,O,O,O,O,O,O,O,O,O,O,O,O,O,O,O,O,O,O,O,O,O,O,B-PROTEIN,O,O,B-PROTEIN,O,O,O,O,O,O,O,O"
8852018101055,Shrimp Flavour,"_Weizen_mehl, Palmöl (Palmöl, Antioxidationsmittel: E319, E306), Tapiokastärke, Salz, Zucker, Gemüse (Knoblauch, Zwiebel, Frühlingszwiebel), Gewürze (Chili, Galgant), Geschmacksverstärker: E621, E635, Säuerungsmittel: E296, E330, _Soja_saucenpulver (_Soja_bohnen, Glukosesirup, Maltodextrin, Farbstoff: E150c), Säureregulatoren: E500, E452, E451, Maltodextrin, Maisstärke, _Fisch_sauce (_Sardellen_extrakt, Salz, Zucker), _Garnelen_ 0,2%, Zitronengras, Aroma, Verdickungsmittel: E466, Hefeextrakt, Farbstoff: E160c.","WEIZENMEHL,PALML,TAPIOKASTRKE,SALZ,ZUCKER,GEMSE,GEWRZE,GESCHMACKSVERSTRKER,E,E,SUERUNGSMITTEL,E,E,SOJASAUCENPULVER,SUREREGULATOREN,E,E,E,MALTODEXTRIN,MAISSTRKE,FISCHSAUCE,GARNELEN,ZITRONENGRAS,AROMA,VERDICKUNGSMITTEL,E,HEFEEXTRAKT,FARBSTOFF,EC","O,O,O,O,O,O,O,O,O,O,O,O,O,O,O,O,O,O,O,O,O,O,O,O,O,O,O,O,O"
5060262485408,Miso Easy (Traditional),"soybean paste (water, soya bean, rice, salt), water, alcohol, yeast extract powder, salt, sugar, seasoned kelp extract (kelp, salt, dextrin)","SOYBEAN,PASTE,WATER,ALCOHOL,YEAST,EXTRACT,POWDER,SALT,SUGAR,SEASONED,KELP,EXTRACT","O,O,O,O,B-SODIUM,I-SODIUM,O,B-SODIUM,B-SUGAR,O,O,O"
5056053305789,Mushroom Soup,"Water, mushroom (31%), potato, onion, brown rice, cornflour, mushroom stock [rehydrated mushroom (mushroom concentrate, water, mushroom powder), salt, cornflour], rapeseed oil, salt, parsley, garlic puree, black pepper.","WATER,MUSHROOM,POTATO,ONION,BROWN,RICE,CORNFLOUR,MUSHROOM,STOCK,REHYDRATED,MUSHROOM,SALT,CORNFLOUR,RAPESEED,OIL,SALT,PARSLEY,GARLIC,PUREE,BLACK,PEPPER","O,O,O,O,O,O,O,O,O,O,O,B-SODIUM,O,O,O,B-SODIUM,O,O,O,O,O"
5056053305826,Covent garden soup,"water, potato (26%), leek (leek),  onion, milk, single cream, rapeseed oil, salt, chives, white pepper.","WATER,POTATO,LEEK,ONION,MILK,SINGLE,CREAM,RAPESEED,OIL,SALT,CHIVES,WHITE,PEPPER","O,O,O,O,B-PROTEIN,O,O,O,O,B-SODIUM,O,O,O"
5056053305727,Tomato & Basil,"Tomato 47% (Tomato, Concentrated Tomato Juice, Tomato Paste), Water, Onion, Sugar, Basil, Rapeseed Oil, Cornflour, Salt, Garlic Puree, Black Pepper","TOMATO,WATER,ONION,SUGAR,BASIL,RAPESEED,OIL,CORNFLOUR,SALT,GARLIC,PUREE,BLACK,PEPPER","O,O,O,B-SUGAR,O,O,O,O,B-SODIUM,O,O,O,O"
5391511420209,"Cully & sully, Chicken Vegetable Soup","water, carrots (19%), potatoes (11%), onions (8%), chicken breast (4%), leeks, cream (milk), butter (milk), celery (2%), chicken stock [salt, maltodextrin, yeast extract, flavouring, herbs and spices (pepper, turmeric, parsley), sugar, vegetables (onions, celery, carrots), chicken, sunflower oil, chicken fat, citrie acid, caramelised sugar),","WATER,CARROTS,POTATOES,ONIONS,CHICKEN,BREAST,LEEKS,CREAM,BUTTER,CELERY,CHICKEN,STOCK,SALT,MALTODEXTRIN,YEAST,EXTRACT,FLAVOURING,HERBS,AND,SPICES,SUGAR,VEGETABLES,CHICKEN,SUNFLOWER,OIL,CHICKEN,FAT,CITRIE,ACID,CARAMELISED,SUGAR","O,O,O,O,O,O,O,O,O,O,O,O,B-SODIUM,O,B-SODIUM,I-SODIUM,O,O,O,O,B-SUGAR,O,O,O,O,O,O,O,O,O,B-SUGAR"
8852018101017,YumYum Beef,"_Weizenmehl_, Palmöl (Palmöl, Antioxidationsmittel: E319, E320), Tapiokastärke, Salz, Gemüse (Kohl, Knoblauch), Geschmacksverstärker: E621, E635, Zucker, Gewürze (Chili, Pfeffer, Sternanis, Ingwer, Zimt), Glukosesirup, _Sojasaucenpulver _(_Sojabohnen, _Weizen_, Glukosesirup, Maltodextrin, Farbstoff: E150c, Säuerungsmittel: E330, Palmöl), Säureregulatoren: E500, E452, E451, Säuerungsmittel: E296, Farbstoff: E150c, Aroma, Verdickungsmittel: E466, Hefeextrakt.","WEIZENMEHL,PALML,TAPIOKASTRKE,SALZ,GEMSE,GESCHMACKSVERSTRKER,E,E,ZUCKER,GEWRZE,GLUKOSESIRUP,SOJASAUCENPULVER,SUREREGULATOREN,E,E,E,SUERUNGSMITTEL,E,FARBSTOFF,EC,AROMA,VERDICKUNGSMITTEL,E,HEFEEXTRAKT","O,O,O,O,O,O,O,O,O,O,O,O,O,O,O,O,O,O,O,O,O,O,O,O"
3036811460259,Velouté de légumes,"Eau, carotte 26%, poireau 10%, oignon 5,7%, pomme de terre 5,7%, purée de tomates 2,1%, potiron, céleri-rave, beurre de cuisine, crème fraîche, sel, extrait naturel de poivre,","EAU,CAROTTE,POIREAU,OIGNON,POMME,DE,TERRE,PURE,DE,TOMATES,POTIRON,CLERIRAVE,BEURRE,DE,CUISINE,CRME,FRACHE,SEL,EXTRAIT,NATUREL,DE,POIVRE","O,O,O,O,O,O,O,O,O,O,O,O,O,O,O,O,O,B-SODIUM,O,O,O,O"
3036811363161,Mouliné de 10 légumes,"vegetables 55% (potato, carrot, onion, celeriac, cauliflower, leek, concentrated tomato juice, parsnips, zucchini, chervil), water, salt, rapeseed oil, cooking butter, aromas,","VEGETABLES,WATER,SALT,RAPESEED,OIL,COOKING,BUTTER,AROMAS","O,O,B-SODIUM,O,O,O,O,O"
1498257,"Spicy tomato, lentil and red pepper soup","Tomato (38%), Water, Red Split Lentils (10%), Onion, Red Peppe (6%), Chipotle Chilli Paste (Sugar, Red Pepper Juice, Molasses, Tomato Puree, Water, Salt, Chipotle Chilli, Smoked Paprika, Jalapeño Pepper, Onion Salt, White Wine Vinegar, Garlic Salt), Tomato Puree, Rapeseed Oil, Cornflour, Sugar, Garlic Puree, Salt, Parsley","TOMATO,WATER,RED,SPLIT,LENTILS,ONION,RED,PEPPE,CHIPOTLE,CHILLI,PASTE,TOMATO,PUREE,RAPESEED,OIL,CORNFLOUR,SUGAR,GARLIC,PUREE,SALT,PARSLEY","O,O,O,O,O,O,O,O,O,O,O,O,O,O,O,O,B-SUGAR,O,O,B-SODIUM,O"
8718114807980,Knorr Soupe Déshydratée Forestière Champignons & Oignons 3 Portions,"Amidons (pomme de terre, maïs), lactosérum (LAIT), graisse de palme, farine de BLÉ, sel, maltodextrine, extrait de levure, oignon grillé : 3,7%, préparation à base de jus de champignon concentré (maltodextrine, jus de champignon concentré : 1,3%), chlorure de potassium, sirop de glucose, épice et aromates (ciboulette, ail, curcuma), arômes (dont LAIT), bolet : 1,2%, protéines de LAIT, extrait de vin blanc, bolet jaune : 0,5%, jus d'oignon concentré : 0,07%, huile de tournesol. Peut contenir : avoine, céleri, moutarde, œuf, orge, seigle, sésame, soja.","AMIDONS,LACTOSRUM,GRAISSE,DE,PALME,FARINE,DE,BL,SEL,MALTODEXTRINE,EXTRAIT,DE,LEVURE,OIGNON,GRILL,PRPARATION,BASE,DE,JUS,DE,CHAMPIGNON,CONCENTR,CHLORURE,DE,POTASSIUM,SIROP,DE,GLUCOSE,PICE,ET,AROMATES,ARMES,BOLET,PROTINES,DE,LAIT,EXTRAIT,DE,VIN,BLANC,BOLET,JAUNE,JUS,DOIGNON,CONCENTR,HUILE,DE,TOURNESOL,PEUT,CONTENIR,AVOINE,CLERI,MOUTARDE,UF,ORGE,SEIGLE,SSAME,SOJA","O,O,O,O,O,O,O,O,B-SODIUM,O,O,O,O,O,O,O,O,O,O,O,O,O,O,O,O,B-SUGAR,I-SUGAR,I-SUGAR,O,O,O,O,O,O,O,B-PROTEIN,O,O,O,O,O,O,O,O,O,O,O,O,O,O,O,O,O,O,O,O,O,B-PROTEIN"
5000157062734,Lentil Soup,"water, lentils (22%), carrots (11%), tomatoes (5%), onions, modified cornflour, cornflour, wheat flour, salt, yeast extract, flavouring, herb extracts, spice extracts, herbs, smoke flavouring (contains wheat), spice","WATER,LENTILS,CARROTS,TOMATOES,ONIONS,MODIFIED,CORNFLOUR,CORNFLOUR,WHEAT,FLOUR,SALT,YEAST,EXTRACT,FLAVOURING,HERB,EXTRACTS,SPICE,EXTRACTS,HERBS,SMOKE,FLAVOURING,SPICE","O,O,O,O,O,O,O,O,O,O,B-SODIUM,B-SODIUM,I-SODIUM,O,O,O,O,O,O,O,O,O"
6111242100992,perly,"milk cream, cream, sugar, banana, bacteria","MILK,CREAM,CREAM,SUGAR,BANANA,BACTERIA","B-PROTEIN,O,O,B-SUGAR,O,O"
7622210449283,Prince Goût Chocolat,"Céréale 50 % (Farine de blé 34,8 %, farine de blé complet 15,2 %), sucre, huiles végétales (palme, colza), cacao maigre en poudre 4,5 %, sirop de glucose, amidon de blé, poudres à lever (carbonates d'ammonium, carbonates de sodium), émulsifiant (lécithines de soja), sel, lait écrémé en poudre, perméat de lactosérum (de lait), arômes. Peut contenir œuf.","CRALE,SUCRE,HUILES,VGTALES,CACAO,MAIGRE,EN,POUDRE,SIROP,DE,GLUCOSE,AMIDON,DE,BL,POUDRES,LEVER,MULSIFIANT,SEL,LAIT,CRM,EN,POUDRE,PERMAT,DE,LACTOSRUM,ARMES,PEUT,CONTENIR,UF","O,B-SUGAR,O,O,O,O,O,O,B-SUGAR,I-SUGAR,I-SUGAR,O,O,O,O,O,O,B-SODIUM,B-PROTEIN,O,O,O,O,O,O,O,O,O,O"
3046920029759,Excellence Noir Prodigieux 90% Cacao,"Pâte de cacao, beurre de cacao, cacao maigre, sucre, vanille.","PTE,DE,CACAO,BEURRE,DE,CACAO,CACAO,MAIGRE,SUCRE,VANILLE","O,O,O,O,O,O,O,O,B-SUGAR,O"
6111031005064,Tonik,"Coffret fourré au cacao (41,6%) et à la vanille (208) - Ingrédients Farine de blé, sucre, huile végétale non hydrogénée (huile de palme), filtrat de lait, poudre de cacao Émulsifiant à faible teneur en cacao (322) Lécithine de soja) Agent levant (5000) Sucre artificiel (vanilline) Sel Contient du lait, du blé (gluten) du soja","COFFRET,FOURR,AU,CACAO,ET,LA,VANILLE,INGRDIENTS,FARINE,DE,BL,SUCRE,HUILE,VGTALE,NON,HYDROGNE,FILTRAT,DE,LAIT,POUDRE,DE,CACAO,MULSIFIANT,FAIBLE,TENEUR,EN,CACAO,LCITHINE,DE,SOJA,AGENT,LEVANT,SUCRE,ARTIFICIEL,SEL,CONTIENT,DU,LAIT,DU,BL,DU,SOJA","O,O,O,O,O,O,O,O,O,O,O,B-SUGAR,O,O,O,O,O,O,B-PROTEIN,I-PROTEIN,O,O,O,O,O,O,O,O,O,B-PROTEIN,O,O,B-SUGAR,O,B-SODIUM,O,O,B-PROTEIN,O,O,O,B-PROTEIN"
3175680011480,Sésame,"Farine de blé 57%, sucre de canne roux, huile de colza, sésame toasté 10,6%, germe de blé 5,4%, farine complète de blé 5,4%, arôme naturel, magnésium, émulsifiant : lécithines, poudres à lever (tartrates de potassium, carbonates de sodium, carbonates d'ammonium), sel de mer, amidon de blé, vitamines (E, PP, B6, B1, B9).","FARINE,DE,BL,SUCRE,DE,CANNE,ROUX,HUILE,DE,COLZA,SSAME,TOAST,GERME,DE,BL,FARINE,COMPLTE,DE,BL,ARME,NATUREL,MAGNSIUM,MULSIFIANT,LCITHINES,POUDRES,LEVER,SEL,DE,MER,AMIDON,DE,BL,VITAMINES","O,O,O,B-SUGAR,O,O,O,O,O,O,O,O,O,O,O,O,O,O,O,O,O,O,O,O,O,O,B-SODIUM,O,O,O,O,O,O"
20995553,Chocolat noir - 85% cacao,"Pâte de cacao, cacao maigre en poudre, beurre de cacao, sucre, émulsifiant : lécithines (soja) ; extrait de vanille. Traces éventuelles de fruits à coque et de lait.","PTE,DE,CACAO,CACAO,MAIGRE,EN,POUDRE,BEURRE,DE,CACAO,SUCRE,MULSIFIANT,LCITHINES,EXTRAIT,DE,VANILLE,TRACES,VENTUELLES,DE,FRUITS,COQUE,ET,DE,LAIT","O,O,O,O,O,O,O,O,O,O,B-SUGAR,O,O,O,O,O,O,O,O,O,O,O,O,B-PROTEIN"
3268840001008,CRISTALINE Eau De Source 0.5L,Eau de source,"EAU,DE,SOURCE","O,O,O"
3362600011044,Henry’s,"Farine de froment, sucre, graisse végétale, sucre inverti, agents levants ( bicarbonate d'ammonium - bicarbonate de sodium), sel, arome.","FARINE,DE,FROMENT,SUCRE,GRAISSE,VGTALE,SUCRE,INVERTI,AGENTS,LEVANTS,SEL,AROME","O,O,O,B-SUGAR,O,O,B-SUGAR,O,O,O,B-SODIUM,O"
8425197712024,,"sugar, cocoa butter, whole milk powder, cocoa mass, almonds, emulsifier (soya lecithin), flavoring","SUGAR,COCOA,BUTTER,WHOLE,MILK,POWDER,COCOA,MASS,ALMONDS,EMULSIFIER,FLAVORING","B-SUGAR,O,O,O,B-PROTEIN,I-PROTEIN,O,O,B-PROTEIN,O,O"
7622210578464,Organic 70% Dark Chocolate Bar,"cocoa mass #, cane sugar #, cocoa butter #, vanilla extract #, may contain nuts, milk,","COCOA,MASS,CANE,SUGAR,COCOA,BUTTER,VANILLA,EXTRACT,MAY,CONTAIN,NUTS,MILK","O,O,B-SUGAR,I-SUGAR,O,O,O,O,O,O,B-PROTEIN,B-PROTEIN"
6111259343108,KING COOKIES,دقيقالقمح،رقائق الشوكولاته20%[عجينة زيت النخلة.الكاكاو،سكر،دكستروز و مستحلب,,O
3362600011228,Sable coco Henry s 42g,"Farine de _froment_, sucre, graisse végétale, noix de coco râpée, poudre de _lait_, poudre de _lactosérum_, sucre inverti, agents levants (bicarbonate d'ammonium - bicarbonate de Sodium), sel, arômes.","FARINE,DE,FROMENT,SUCRE,GRAISSE,VGTALE,NOIX,DE,COCO,RPE,POUDRE,DE,LAIT,POUDRE,DE,LACTOSRUM,SUCRE,INVERTI,AGENTS,LEVANTS,SEL,ARMES","O,O,O,B-SUGAR,O,O,B-PROTEIN,O,O,O,O,O,B-PROTEIN,I-PROTEIN,O,O,B-SUGAR,O,O,O,B-SODIUM,O"
8000500310427,Biscuits croquants au coeur onctueux de Nutella®,"Pâte à tartiner aux NOISETTES et au cacao 40% (sucre, huile de palme, NOISETTES 13%**, LAIT écrémé en poudre 8,7%**, cacao maigre 7,4%**, émulsifiants : lécithines [SOJA]; vanilline), farine de FROMENT 32,5%, graisses végétales (palme, palmiste), sucre de canne (contient BLE) 8,5%, LACTOSE, son de BLE, LAIT en poudre, miel, poudres à lever (diphosphate disodique, carbonate acide de sodium, carbonate acide d'ammonium), farine d'ORGE malté, cacao maigre en poudre, sel, extrait en poudre de malt d'ORGE et de maïs, amidon de FROMENT, émulsifiants: lécithines [SOJA]; vanilline.","PTE,TARTINER,AUX,NOISETTES,ET,AU,CACAO,FARINE,DE,FROMENT,GRAISSES,VGTALES,SUCRE,DE,CANNE,LACTOSE,SON,DE,BLE,LAIT,EN,POUDRE,MIEL,POUDRES,LEVER,FARINE,DORGE,MALT,CACAO,MAIGRE,EN,POUDRE,SEL,EXTRAIT,EN,POUDRE,DE,MALT,DORGE,ET,DE,MAS,AMIDON,DE,FROMENT,MULSIFIANTS,LCITHINES,SOJA,VANILLINE","O,O,O,B-PROTEIN,O,O,O,O,O,O,O,O,B-SUGAR,O,O,O,O,O,O,B-PROTEIN,O,O,B-SUGAR,O,O,O,O,O,O,O,O,O,B-SODIUM,O,O,O,O,O,O,O,O,O,O,O,O,O,O,B-PROTEIN,O"
7300400481595,Tartine croustillante Authentique,"Farine complète de SEIGLE (77 g*), farine de SEIGLE (28 g*), levure, sel. Peut contenir des traces de LUPIN, LAIT, MOUTARDE, GRAINES DE SÉSAME et SOJA. *en g pour 100 g de produit.","FARINE,COMPLTE,DE,SEIGLE,FARINE,DE,SEIGLE,LEVURE,SEL,PEUT,CONTENIR,DES,TRACES,DE,LUPIN,LAIT,MOUTARDE,GRAINES,DE,SSAME,ET,SOJA,EN,G,POUR,G,DE,PRODUIT","O,O,O,O,O,O,O,O,B-SODIUM,O,O,O,O,O,O,B-PROTEIN,O,O,O,O,O,B-PROTEIN,O,O,O,O,O,O"
3046920022651,Excellence Noir Intense 70% Cacao,"Pâte de cacao, sucre, beurre de cacao, vanille.

Peut contenir des fruits à coque, du lait, du soja et des graines de sésame.","PTE,DE,CACAO,SUCRE,BEURRE,DE,CACAO,VANILLE,PEUT,CONTENIR,DES,FRUITS,COQUE,DU,LAIT,DU,SOJA,ET,DES,GRAINES,DE,SSAME","O,O,O,B-SUGAR,O,O,O,O,O,O,O,O,O,O,B-PROTEIN,O,B-PROTEIN,O,O,O,O,O"
5060042641000,Lightly sea salted crisps,"Kartoffeln, Sonnenblumenöl, Meersalz.","KARTOFFELN,SONNENBLUMENL,MEERSALZ","O,O,O"
7622210584724,Dark chocolate,"pâte de cacao*, beurre de cacao*, cacao maigre en poudre*, sucre de canne*, extrait de vanille*, * ingrédients issus de l'agriculture biologique","PTE,DE,CACAO,BEURRE,DE,CACAO,CACAO,MAIGRE,EN,POUDRE,SUCRE,DE,CANNE,EXTRAIT,DE,VANILLE,INGRDIENTS,ISSUS,DE,LAGRICULTURE,BIOLOGIQUE","O,O,O,O,O,O,O,O,O,O,B-SUGAR,O,O,O,O,O,O,O,O,O,O"
3046920022606,Excellence Noir Puissant 85% Cacao,"Pâte de cacao, cacao maigre, beurre de cacao, cassonade, vanille.

Peut contenir du lait, des fruits à coque, du soja et des graines de sésame.","PTE,DE,CACAO,CACAO,MAIGRE,BEURRE,DE,CACAO,CASSONADE,VANILLE,PEUT,CONTENIR,DU,LAIT,DES,FRUITS,COQUE,DU,SOJA,ET,DES,GRAINES,DE,SSAME","O,O,O,O,O,O,O,O,O,O,O,O,O,B-PROTEIN,O,O,O,O,B-PROTEIN,O,O,O,O,O"
3229820100234,Fourrés Chocolat Noir,"Farine de blé* 41%, Chocolat noir* 22% (pâte de cacao*, sucre de canne&quot;, beurre de cacao&quot;), Sucre de canne* roux non raffiné, Farine complète de blé* 16%, Huile de tournesol oléique*, Arôme naturel de vanille, Lait écrémé en poudre, Sel de mer, carbonates d'ammonium, carbonates de sodium, gomme d'acacia*, extraits de romarin* Peut contenir du soja, des œufs, des fruits à coque, des graines de sésame et de la moutarde. *Ingrédients biologiques.","FARINE,DE,BL,CHOCOLAT,NOIR,SUCRE,DE,CANNE,ROUX,NON,RAFFIN,FARINE,COMPLTE,DE,BL,HUILE,DE,TOURNESOL,OLIQUE,ARME,NATUREL,DE,VANILLE,LAIT,CRM,EN,POUDRE,SEL,DE,MER,CARBONATES,DAMMONIUM,CARBONATES,DE,SODIUM,GOMME,DACACIA,EXTRAITS,DE,ROMARIN,PEUT,CONTENIR,DU,SOJA,DES,UFS,DES,FRUITS,COQUE,DES,GRAINES,DE,SSAME,ET,DE,LA,MOUTARDE,INGRDIENTS,BIOLOGIQUES","O,O,O,B-SUGAR,I-SUGAR,B-SUGAR,O,O,O,O,O,O,O,O,O,O,O,O,O,O,O,O,O,B-PROTEIN,O,O,O,B-SODIUM,O,O,O,O,O,O,B-SODIUM,O,O,O,O,O,O,O,O,B-PROTEIN,O,O,O,O,O,O,O,O,O,O,O,O,O,O,O"
20022464,Extra dark 74% Cocoa,"cocoa mass, sugar, cocoa butter, fat reduced cocoa powder, emulsifier: lecithins (soya), natural vanilla flavouring, dark chocolate contains: cocoa solids 74% minimum,","COCOA,MASS,SUGAR,COCOA,BUTTER,FAT,REDUCED,COCOA,POWDER,EMULSIFIER,LECITHINS,NATURAL,VANILLA,FLAVOURING,DARK,CHOCOLATE,CONTAINS,COCOA,SOLIDS,MINIMUM","O,O,B-SUGAR,O,O,O,O,O,O,O,O,O,O,O,O,O,O,O,O,O"
7300400481588,FIBRES,"Farine complète de SEIGLE 59 g*, son de BLÉ 27 g*, flocons d'AVOINE 12 g*, GRAINES DE SÉSAME 7,0 g*, germe de BLÉ, sel. *en g pour 100 g de produit fini. Peut contenir des traces de LUPIN, LAIT, MOUTARDE et SOJA.","FARINE,COMPLTE,DE,SEIGLE,G,SON,DE,BL,G,FLOCONS,DAVOINE,G,GRAINES,DE,SSAME,G,GERME,DE,BL,SEL,EN,G,POUR,G,DE,PRODUIT,FINI,PEUT,CONTENIR,DES,TRACES,DE,LUPIN,LAIT,MOUTARDE,ET,SOJA","O,O,O,O,O,O,O,O,O,O,O,O,O,O,O,O,O,O,O,B-SODIUM,O,O,O,O,O,O,O,O,O,O,O,O,O,B-PROTEIN,O,O,B-PROTEIN"
3362600011006,Henry’s,"farine de froment, sucre, Graisse végétale , Sucre inverti, Agents levants (Bicarbonate d'ammonium, Bicarbonate de sodium), arôme vanille","FARINE,DE,FROMENT,SUCRE,GRAISSE,VGTALE,SUCRE,INVERTI,AGENTS,LEVANTS,ARME,VANILLE","O,O,O,B-SUGAR,O,O,B-SUGAR,O,O,O,O,O"
6111259341197,Momo black,"Farine de blé, sucre, huile végétale hydrogénée (palme), cacao en poudre (3,4%), régulateur d'acidité (acide citrique (E330), acide tartrique (E334)), poudre à lever (bicarbonate d'ammonium et bicarbonate sodium), émulsifiant végétal (lécithine de soja (E322)) et sel.","FARINE,DE,BL,SUCRE,HUILE,VGTALE,HYDROGNE,CACAO,EN,POUDRE,RGULATEUR,DACIDIT,ACIDE,TARTRIQUE,POUDRE,LEVER,MULSIFIANT,VGTAL,ET,SEL","O,O,O,B-SUGAR,O,O,O,O,O,O,O,O,O,O,O,O,O,O,O,B-SODIUM"
5410041001204,Tuc Original,"Farine de _BLÉ_, huile de palme, sirop de glucose, extrait de malt d'_ORGE_, poudres à lever (carbonates d'ammonium, carbonates de sodium), sel, _OEUFS_, arôme, agent de traitement de la farine (_DISULFITE_ de sodium).","FARINE,DE,BL,HUILE,DE,PALME,SIROP,DE,GLUCOSE,EXTRAIT,DE,MALT,DORGE,POUDRES,LEVER,SEL,OEUFS,ARME,AGENT,DE,TRAITEMENT,DE,LA,FARINE","O,O,O,O,O,O,B-SUGAR,I-SUGAR,I-SUGAR,O,O,O,O,O,O,B-SODIUM,O,O,O,O,O,O,O,O"
3046920028004,70% chocolate,"Cocoa mass, sugar, cocoa butter, vanilla.","COCOA,MASS,SUGAR,COCOA,BUTTER,VANILLA","O,O,B-SUGAR,O,O,O"
6111035000430,Sidi Ali,OBD1 999 999 1112606 266963207 mb,"OBD,MB","O,O"
6111035002175,Sidi Ali,"Sodium, Calcium, Magnésium, Potassium, Bicarbonates, Sulfates, Chlorures,","SODIUM,CALCIUM,MAGNSIUM,POTASSIUM,BICARBONATES,SULFATES,CHLORURES","B-SODIUM,O,O,O,O,O,O"
6111035000058,Eau minérale naturelle,100% mineral water,"MINERAL,WATER","O,O"
6111252421568,اكوافينا,ouverture et avant le : Voir bouteille. après مياه مصفاة بتقنية اكوافينا هايدرو - 7 Eau purifiée par la technique Aquafina HydRO-7,"OUVERTURE,ET,AVANT,LE,VOIR,BOUTEILLE,APRS,EAU,PURIFIE,PAR,LA,TECHNIQUE,AQUAFINA,HYDRO","O,O,O,O,O,O,O,O,O,O,O,O,O,O"
3274080005003,Eau De Source,Eau de source,"EAU,DE,SOURCE","O,O,O"
6111128000071,Ain Saïss,Eau minérale naturelle,"EAU,MINRALE,NATURELLE","O,O,O"
6111035502828,Eau minéral naturelle,0800 94 Aïn Atlas EAU MINÉRALE NATURELLE 55 VOTRE CAFÉ POUR ACCOMPAGNER An Atlas ANNEMANG BLE,"AN,ATLAS,EAU,MINRALE,NATURELLE,VOTRE,CAF,POUR,ACCOMPAGNER,AN,ATLAS,ANNEMANG,BLE","O,O,O,O,O,O,O,O,O,O,O,O,O"
6111035000027,6111035000027,"Composition minérale en mg/
Résidu sec à 110°C: 186
12 t S Sodium 26 tCalciumMagnésium9 tiiSulfates 42 i3 t H Chiorures 14Potassium
Bicarbonates 104 i Nitrates","COMPOSITION,MINRALE,EN,MG,RSIDU,SEC,C,T,S,SODIUM,TCALCIUMMAGNSIUM,TIISULFATES,I,T,H,CHIORURES,POTASSIUM,BICARBONATES,I,NITRATES","O,O,O,O,O,O,O,O,O,B-SODIUM,O,O,O,O,O,O,O,O,O,O"
6111035003035,Oulmes natural carbonated water,Natural carbonated water 100%,"NATURAL,CARBONATED,WATER","O,O,O"
5449000147417,Orange juice,"مشروب بعصير ولب البرتقال نسبة الفواكه 15% على الاقل. يحتوي على السكر و المحليات المكونات ماء, عصير ولب البرتقال,سكر, محمضات : 330 E300, مكثف: E440, :مستحلبات: E445,5414, نكهات طبيعية و مطابقة للطبيعية, محليات : E950,954, ملون 160a تمت التعبئة بواسطة كوبومي, تكنوبول مطار محمد الخامس - م.ص. النواصر الدار البيضاء الترخيص الصحى 7.8.16.AGSMAN: JNB لصالح شركات التعبئة المرخصة بالمغرب بموافقة شركة كوكاكولا تحفظ في مكان نظيف جاف وبارد. تاريخ الانتاج ) رقم الحصة P ويستحسـ الاستهلاك قبل نهاية (E), أنظر أعلى القنينة . * لكل 250 ملل السكر 17غ الدهون الملح SHE 2%* 0%* 19% 126 ملغ بالنسبة للحصص اليومية الموصى بها. تحتوي هذه القنينة على 1 لتر من المنتوج المعلومات الغذائية بالنسبة ل 100 ملل الطاقة: 159 كيلوجول/ 37 كيلو كالوري: - الدهون: 0غ بما فيها أحماض . مشبعة 0غ السكريات وغ بما فيها السكر: 7غ, البروتين أي 4 أكواب من 250 ملل الملح 50 ملغ 9 دهنية","E,E,E,E,A,AGSMAN,JNB,P,SHE","O,O,O,O,O,O,O,O,O"
6111128000163,Ain Saiss Eau Minerale Naturelle,"Calcium : 63,5
Magnésium : 35,5
Nitratex : 7
Sodium 8
Chlorures : 19,8
Sulfate : 3,8
Bicarbonate : 372
Potassium : 1","CALCIUM,MAGNSIUM,NITRATEX,SODIUM,CHLORURES,SULFATE,BICARBONATE,POTASSIUM","O,O,O,B-SODIUM,O,O,O,O"
6111035001659,Ain Atlas,"Composition Minérale en mg/L 
Résidu Sec à 110°C: 249 en mg/L 
- Sodium 48 
- Calcium 18 
- Magnésium 13 
- Potassium
- Bicarbonates 217 
- Chlorures 12 
- Sulfates 8 
- Nitrates 4","COMPOSITION,MINRALE,EN,MGL,RSIDU,SEC,C,EN,MGL,SODIUM,CALCIUM,MAGNSIUM,POTASSIUM,BICARBONATES,CHLORURES,SULFATES,NITRATES","O,O,O,O,O,O,O,O,O,B-SODIUM,O,O,O,O,O,O,O"
6111035001635,Ain Atlas,Sodium 48 Calcium 18 Magnésium 13 Potassium 8 Bicarbonates 217 Chlorures 12 Sulfates Nitrates 4,"SODIUM,CALCIUM,MAGNSIUM,POTASSIUM,BICARBONATES,CHLORURES,SULFATES,NITRATES","B-SODIUM,O,O,O,O,O,O,O"
54491472,"coca cola 0,5","water, fructose-glucose syrup, carbon dioxide, colorant: e150d, acid: phosphoric acid, natural flavors, caffeine flavoring,","WATER,FRUCTOSEGLUCOSE,SYRUP,CARBON,DIOXIDE,COLORANT,ED,ACID,PHOSPHORIC,ACID,NATURAL,FLAVORS,CAFFEINE,FLAVORING","O,O,B-SUGAR,O,O,O,O,O,O,O,O,O,O,O"
5449000214911,Coca-Cola,"Eau gazéifiée, sucre, colorant: E150d, acidifiant: acide phosphorique, arômes naturels, arôme caféine.","EAU,GAZIFIE,SUCRE,COLORANT,ED,ACIDIFIANT,ACIDE,PHOSPHORIQUE,ARMES,NATURELS,ARME,CAFINE","O,O,B-SUGAR,O,O,O,O,O,O,O,O,O"
5449000061515,Ciel,"eau minérale, calcium, magnésium, sodium, potassium, bicarbonates, chlorures, sulfates, nitrates","EAU,MINRALE,CALCIUM,MAGNSIUM,SODIUM,POTASSIUM,BICARBONATES,CHLORURES,SULFATES,NITRATES","O,O,O,O,B-SODIUM,O,O,O,O,O"
42104964,Ciel 33cl,ماء مصفى (معالج ومنضح) وأملاح معدنية (ماغنسيوم),,O
6111035003004,Oulmes Eau Gazeuse,oulmes eau gazeuse.                                      oulmes eau.                                                       oulmes.                                                                eau drink.,"OULMES,EAU,GAZEUSE,OULMES,EAU,OULMES,EAU,DRINK","O,O,O,O,O,O,O,O"
6111018903161,Nescafé Classic,Good Food Godf Neste. تحدث إلي نستله 080 105 10 10 82 100 800 ig صنع من طرف نستله المغرب الطقة الصناعية الجديدة 2440 ONSSAN CTC 53-05-13 vasi ستورد من طرف نستله تونس لتوزيع، ب زغوان - تونس تورد من طرف نستله الجزائرش. درة الزوار - 1531 الجزائر www.nestlemaghreb.com NUTRITIONAL COMPASS علامة تجارية مسجلة لشركة,"GOOD,FOOD,GODF,NESTE,IG,ONSSAN,CTC,VASI,WWWNESTLEMAGHREBCOM,NUTRITIONAL,COMPASS","O,O,O,O,O,O,O,O,O,O,O"
6111032006619,Jamila رايبي,"Lait sans crème, sucre, crème, poudre de lait sans crème, protéines du lait, matière grasse laitiere, colorant naturel","LAIT,SANS,CRME,SUCRE,CRME,POUDRE,DE,LAIT,SANS,CRME,PROTINES,DU,LAIT,MATIRE,GRASSE,LAITIERE,COLORANT,NATUREL","B-PROTEIN,O,O,B-SUGAR,O,O,O,B-PROTEIN,O,O,O,O,B-PROTEIN,O,O,O,O,O"
3599741003380,Colin d'Alaska MSC façon Fish & Chips,"alaskan colin 49%, wheat flour (wheat, calcium carbonate, iron, niacin, thiamine), water, rapeseed oil, wheat starch, salt, rice flour, corn flour, mustard, natural flavors (including mustard), dextrose, baking powders (diphosphates, sodium bicarbonate), garlic powder, wheat gluten, paprika, spice extract","ALASKAN,COLIN,WHEAT,FLOUR,WATER,RAPESEED,OIL,WHEAT,STARCH,SALT,RICE,FLOUR,CORN,FLOUR,MUSTARD,NATURAL,FLAVORS,DEXTROSE,BAKING,POWDERS,GARLIC,POWDER,WHEAT,GLUTEN,PAPRIKA,SPICE,EXTRACT","O,O,O,O,O,O,O,O,O,B-SODIUM,O,O,O,O,O,O,O,B-SUGAR,O,O,O,O,O,O,O,O,O"
3083681116939,Poêlée Paysanne 750g,"Pommes de terre préfrites 20% (pommes de terre 19%, huile de tournesol, dextrose), brocolis 20%, carottes 20%, pois gourmands 12%, champignons de Paris 7%, oignons, eau, CREME fraîche, huile de tournesol, farine de BLE, ciboulette, sel, ail, arômes naturels, extrait de levure, poivre. Peut contenir : CÉLERI","POMMES,DE,TERRE,PRFRITES,BROCOLIS,CAROTTES,POIS,GOURMANDS,CHAMPIGNONS,DE,PARIS,OIGNONS,EAU,CREME,FRACHE,HUILE,DE,TOURNESOL,FARINE,DE,BLE,CIBOULETTE,SEL,AIL,ARMES,NATURELS,EXTRAIT,DE,LEVURE,POIVRE,PEUT,CONTENIR,CLERI","O,O,O,O,O,O,O,O,O,O,O,O,O,O,O,O,O,O,O,O,O,O,B-SODIUM,O,O,O,O,O,O,O,O,O,O"
3248830724971,Paëlla royale aux petites gambas et au safran,"Riz cuit 41,8% (eau, riz, curcuma), eau, poulet mariné et cuit 6,3% (viande de poulet origine France 6,2%, sel, sucre, jus de citron), petits pois, petites gambas cuites 4,4% (crevettes, eau, sel), chorizo précuit pelé 3,5% (viande de porc origine France, gras de porc, épices et plantes aromatiques, sel, arômes naturels), poivrons rouges, poivrons verts, oignons, calmars 3,1%, double concentré de tomates, moules décoquillées cuites 2,1%, tomates, huile de colza, sel, jus de citron, ail, extrait de langoustine, curcuma, extrait d'épice, safran.","RIZ,CUIT,EAU,POULET,MARIN,ET,CUIT,PETITS,POIS,PETITES,GAMBAS,CUITES,CHORIZO,PRCUIT,PEL,POIVRONS,ROUGES,POIVRONS,VERTS,OIGNONS,CALMARS,DOUBLE,CONCENTR,DE,TOMATES,MOULES,DCOQUILLES,CUITES,TOMATES,HUILE,DE,COLZA,SEL,JUS,DE,CITRON,AIL,EXTRAIT,DE,LANGOUSTINE,CURCUMA,EXTRAIT,DPICE,SAFRAN","O,O,O,O,O,O,O,O,O,O,O,O,O,O,O,O,O,O,O,O,O,O,O,O,O,O,O,O,O,O,O,O,B-SODIUM,O,O,O,O,O,O,O,O,O,O,O"
3270160697861,Paëlla à la Valenciana,"Riz jaune cuit 49,3% (eau, riz, curcuma), morceau de poulet cuit rôti traité en salaison [filet ou aiguillette de poulet 5,9% (origine : UE), eau, dextrose, sel], _colin_ d'Alaska qualité sans arête (_poissons_) 6%, _crevette_ décortiquée salée 5% (_crevette_ (_crustacés_), sel), anneau de _calmar_ (_mollusques_) 5%, petit pois 5%, tomate, oignon, poivron rouge 4%, chorizo 4% (viande de porc (origine : UE), gras de porc, sel, piment, dextrose, épices et extraits d'épices, ferments _lactiques_, conservateur : nitrite de sodium, antioxydant : ascorbate de sodium), arôme naturel (contient : _crustacés_ et _mollusques_), huile de tournesol, huile d'olive vierge extra, sel","RIZ,JAUNE,CUIT,MORCEAU,DE,POULET,CUIT,RTI,TRAIT,EN,SALAISON,FILET,OU,AIGUILLETTE,DE,POULET,EAU,DEXTROSE,SEL,COLIN,DALASKA,QUALIT,SANS,ARTE,CREVETTE,DCORTIQUE,SALE,SEL,ANNEAU,DE,CALMAR,PETIT,POIS,TOMATE,OIGNON,POIVRON,ROUGE,CHORIZO,GRAS,DE,PORC,SEL,PIMENT,DEXTROSE,PICES,ET,EXTRAITS,DPICES,FERMENTS,LACTIQUES,CONSERVATEUR,NITRITE,DE,SODIUM,ANTIOXYDANT,ASCORBATE,DE,SODIUM,ARME,NATUREL,HUILE,DE,TOURNESOL,HUILE,DOLIVE,VIERGE,EXTRA,SEL","O,O,O,O,O,O,O,O,O,O,O,O,O,O,O,O,O,B-SUGAR,B-SODIUM,O,O,O,O,O,O,O,O,B-SODIUM,O,O,O,O,O,O,O,O,O,O,O,O,O,B-SODIUM,O,B-SUGAR,O,O,O,O,O,O,O,O,O,B-SODIUM,O,O,O,B-SODIUM,O,O,O,O,O,O,O,O,O,B-SODIUM"
3270160726080,"Aiguillettes de poulet à la moutarde et au citron, écrasée de pommes de terre et carottes","Pomme de terre cuite et assaisonnée 30,4 % (pomme de terre, sel), carotte cuite 23,2 %, aiguillette de poulet cuit rôti [aiguillette de poulet 18,2 % (origine : France), eau, fécule de manioc ou de pomme de terre], _lait_ demi-écrémé, bouillon de poulet [eau, os et viande de poulet (origine France*)], eau, crème liquide (_lait_), échalote, huile d'olive vierge extra, moutarde à l'ancienne 1 % (eau, graine de _moutarde_, vinaigre de vin, sel), jus de citron 0,5 %, farine de riz, beurre (_lait_), _moutarde_ de Dijon 0,2 % (eau, graine de _moutarde_, vinaigre d'alcool, sel, acidifiant : acide citrique), ail, persil, jus de légumes concentré (carotte, oignon, poireau), poivre, fibre d'agrumes.","POMME,DE,TERRE,CUITE,ET,ASSAISONNE,CAROTTE,CUITE,AIGUILLETTE,DE,POULET,CUIT,RTI,AIGUILLETTE,DE,POULET,EAU,FCULE,DE,MANIOC,OU,DE,POMME,DE,TERRE,LAIT,DEMICRM,BOUILLON,DE,POULET,EAU,OS,ET,VIANDE,DE,POULET,EAU,CRME,LIQUIDE,CHALOTE,HUILE,DOLIVE,VIERGE,EXTRA,MOUTARDE,LANCIENNE,JUS,DE,CITRON,FARINE,DE,RIZ,BEURRE,MOUTARDE,DE,DIJON,AIL,PERSIL,JUS,DE,LGUMES,CONCENTR,POIVRE,FIBRE,DAGRUMES","O,O,O,O,O,O,O,O,O,O,O,O,O,O,O,O,O,O,O,O,O,O,O,O,O,B-PROTEIN,O,O,O,O,O,O,O,O,O,O,O,O,O,O,O,O,O,O,O,O,O,O,O,O,O,O,O,O,O,O,O,O,O,O,O,O,O,O,O"
3270160862481,Aiguillettes de poulet au miel et aux épices semoule,"Potiron 23,3%, duo de semoule de _blé_ dur réhydratée [semoule de _blé_ dur complète 11,4% (_gluten_), semoule de _blé_ dur 4,5% (_gluten_), eau, cumin, sel, cannelle, curcuma], morceaux d'aiguillette de poulet rôti traité en salaison [aiguillette de poulet 17,3% (origine : UE), eau, fécule de pomme de terre, sel], eau, carotte 11,5%, miel 2,7%, fibre de chicorée, oignon, raisin sec réhydraté 1,4% (raisin sec, eau, huile de coton), jus de citron, amidon de riz, _pistache_ hachée grillée 0,5%, basilic, fond de volaille (jus de cuisson de volaille, sel), huile d'olive vierge extra, _amande_ torréfiée 0,2%, purée d'ail, épices 0,13%, préparation à base de piment 0,08% (piment, purée de tomate, eau, sel, poivron, vinaigre d'alcool), sel, cannelle, cardamome, coriandre feuille, coriandre moulue.","POTIRON,DUO,DE,SEMOULE,DE,BL,DUR,RHYDRATE,SEMOULE,DE,BL,DUR,COMPLTE,SEMOULE,DE,BL,DUR,EAU,CUMIN,SEL,CANNELLE,CURCUMA,MORCEAUX,DAIGUILLETTE,DE,POULET,RTI,TRAIT,EN,SALAISON,AIGUILLETTE,DE,POULET,EAU,FCULE,DE,POMME,DE,TERRE,SEL,EAU,CAROTTE,MIEL,FIBRE,DE,CHICORE,OIGNON,RAISIN,SEC,RHYDRAT,JUS,DE,CITRON,AMIDON,DE,RIZ,PISTACHE,HACHE,GRILLE,BASILIC,FOND,DE,VOLAILLE,HUILE,DOLIVE,VIERGE,EXTRA,AMANDE,TORRFIE,PURE,DAIL,PICES,PRPARATION,BASE,DE,PIMENT,SEL,CANNELLE,CARDAMOME,CORIANDRE,FEUILLE,CORIANDRE,MOULUE","O,O,O,O,O,O,O,O,O,O,O,O,O,O,O,O,O,O,O,B-SODIUM,O,O,O,O,O,O,O,O,O,O,O,O,O,O,O,O,O,O,O,B-SODIUM,O,O,B-SUGAR,O,O,O,O,O,O,O,O,O,O,O,O,O,O,O,O,O,O,O,O,O,O,O,O,O,O,O,O,O,O,O,O,O,B-SODIUM,O,O,O,O,O,O"
3083681116977,La Poêlée Rustique 750g,"Pommes de terre préfrites 42% (pommes de terre 40%, huile de tournesol, dextrose), haricots verts 18%, champignons de Paris blancs 11%, champignons de Paris blonds 11%, oignons préfrits (oignons, huile de tournesol), eau, CREME [fraîche], concentré de jus de champignon, farine de BLE, huile de tournesol, échalotes rissolées déshydratées (échalotes, huile de tournesol), persil, sel, poudre de bolet jaune séché, ail, arôme naturel (LAIT), extrait de levure, poivre.

 

 

Peut contenir du CÉLERI","POMMES,DE,TERRE,PRFRITES,HARICOTS,VERTS,CHAMPIGNONS,DE,PARIS,BLANCS,CHAMPIGNONS,DE,PARIS,BLONDS,OIGNONS,PRFRITS,EAU,CREME,FRACHE,CONCENTR,DE,JUS,DE,CHAMPIGNON,FARINE,DE,BLE,HUILE,DE,TOURNESOL,CHALOTES,RISSOLES,DSHYDRATES,PERSIL,SEL,POUDRE,DE,BOLET,JAUNE,SCH,AIL,ARME,NATUREL,EXTRAIT,DE,LEVURE,POIVRE,PEUT,CONTENIR,DU,CLERI","O,O,O,O,O,O,O,O,O,O,O,O,O,O,O,O,O,O,O,O,O,O,O,O,O,O,O,O,O,O,O,O,O,O,B-SODIUM,O,O,O,O,O,O,O,O,O,O,O,O,O,O,O,O"
3083681116908,Poêlée Parisienne 750g,"Haricots verts 30%, pommes de terre préfrites 24% (pommes de terre 23%, huile de tournesol, dextrose), carottes 13%, champignons de Paris 9%, oignons préfrits (oignons, huile de tournesol), eau, lardons cuits fumés 6% (poitrine de porc, sel, dextrose, arômes naturels (contient naturellement des polyphénols*), antioxydant : acide ascorbique, épices et plante aromatique), huile de tournesol, farine de BLE, persil, sel, ciboulette, ail, arômes naturels (BLE, CELERI), oignon, romarin, poivre.

 

*Contribue à la préservation de l'oxydation","HARICOTS,VERTS,POMMES,DE,TERRE,PRFRITES,CAROTTES,CHAMPIGNONS,DE,PARIS,OIGNONS,PRFRITS,EAU,LARDONS,CUITS,FUMS,ANTIOXYDANT,ACIDE,ASCORBIQUE,PICES,ET,PLANTE,AROMATIQUE,HUILE,DE,TOURNESOL,FARINE,DE,BLE,PERSIL,SEL,CIBOULETTE,AIL,ARMES,NATURELS,OIGNON,ROMARIN,POIVRE,CONTRIBUE,LA,PRSERVATION,DE,LOXYDATION","O,O,O,O,O,O,O,O,O,O,O,O,O,O,O,O,O,O,O,O,O,O,O,O,O,O,O,O,O,O,B-SODIUM,O,O,O,O,O,O,O,O,O,O,O,O"
3270160871223,Curry de lentilles corail et légumes,"Lentille corail précuite (lentille 16,6%, eau), courgette grillée 11%, carotte précuite 11%, épinard en feuille 11%, poivron jaune 10%, eau, tomate 5%, fromage frais (_lait_ pasteurisé, _crème_ (_lait_), sel, ferments _lactiques_), lait de coco 2,7% (extrait de noix de coco, eau), échalote, _crème_ (_lait_), _beurre_ (_lait_), curry 0,3%, sel, fécule de pommes de terre, miel, curcuma, poivre
Convient aux végétariens (régime lacto-ovo-végétariens)","LENTILLE,CORAIL,PRCUITE,COURGETTE,GRILLE,CAROTTE,PRCUITE,PINARD,EN,FEUILLE,POIVRON,JAUNE,EAU,TOMATE,FROMAGE,FRAIS,SEL,FERMENTS,LACTIQUES,LAIT,DE,COCO,CHALOTE,CRME,BEURRE,CURRY,SEL,FCULE,DE,POMMES,DE,TERRE,MIEL,CURCUMA,POIVRE,CONVIENT,AUX,VGTARIENS","O,O,O,O,O,O,O,O,O,O,O,O,O,O,O,O,B-SODIUM,O,O,B-PROTEIN,O,O,O,O,O,O,B-SODIUM,O,O,O,O,O,B-SUGAR,O,O,O,O,O"
3270160873555,4 Röstis de légumes et cheddar,"Pomme de terre 34%, carotte orange 18,5%, carotte jaune 18,5%, courgette 12,3%, cheddar blanc 6% (lait, sel, ferments lactiques, coagulant microbien, anti-agglomérant : amidon de pomme de terre), oignon préfrit à l'huile de tournesol, beurre concentré (lait), huile de colza, fécule de manioc, blanc d'œuf en poudre issu de poule élevée en plein air, sel, ail déshydraté, poivre.","POMME,DE,TERRE,CAROTTE,ORANGE,CAROTTE,JAUNE,COURGETTE,CHEDDAR,BLANC,OIGNON,PRFRIT,LHUILE,DE,TOURNESOL,BEURRE,CONCENTR,HUILE,DE,COLZA,FCULE,DE,MANIOC,BLANC,DUF,EN,POUDRE,ISSU,DE,POULE,LEVE,EN,PLEIN,AIR,SEL,AIL,DSHYDRAT,POIVRE","O,O,O,O,O,O,O,O,O,O,O,O,O,O,O,O,O,O,O,O,O,O,O,O,O,O,O,O,O,O,O,O,O,O,B-SODIUM,O,O,O"
3270160860166,Gnocchis au chèvre et aux épinards et à la sauce tomate,"Gnocchi de pomme de terre précuit 50% [semoule de blé dur (gluten), pomme de terre 16,5%, eau, sel], tomate pelée concassée 13,7% (purée de tomate, jus de tomate), eau, fromage de chèvre 6,5% (contient : lait), crème liquide (lait), épinard 4,4%, purée de tomate 3,6%, oignon, mozzarella (contient: lait), lait demi-écrémé, fromage à pâte dure (contient: lait), échalote, beurre (lait), huile d'olive vierge extra, farine de riz, basilic, farine de blé (gluten), sel, ail, thym, poivre blanc. Produit élaboré dans un atelier qui utilise : œuf, arachide. Convient aux végétariens (régime lacto-ovo-végétarien). Produit élaboré en France à partir de gnocchi et d'épinard origine UE.","GNOCCHI,DE,POMME,DE,TERRE,PRCUIT,SEMOULE,DE,BL,DUR,POMME,DE,TERRE,EAU,SEL,TOMATE,PELE,CONCASSE,EAU,FROMAGE,DE,CHVRE,CRME,LIQUIDE,PINARD,PURE,DE,TOMATE,OIGNON,MOZZARELLA,LAIT,DEMICRM,FROMAGE,PTE,DURE,CHALOTE,BEURRE,HUILE,DOLIVE,VIERGE,EXTRA,FARINE,DE,RIZ,BASILIC,FARINE,DE,BL,SEL,AIL,THYM,POIVRE,BLANC,PRODUIT,LABOR,DANS,UN,ATELIER,QUI,UTILISE,UF,ARACHIDE,CONVIENT,AUX,VGTARIENS,PRODUIT,LABOR,EN,FRANCE,PARTIR,DE,GNOCCHI,ET,DPINARD,ORIGINE,UE","O,O,O,O,O,O,O,O,O,O,O,O,O,O,B-SODIUM,O,O,O,O,O,O,O,O,O,O,O,O,O,O,O,B-PROTEIN,O,O,O,O,O,O,O,O,O,O,O,O,O,O,O,O,O,B-SODIUM,O,O,O,O,O,O,O,O,O,O,O,O,O,O,O,O,O,O,O,O,O,O,O,O,O,O,O"
3270160860685,"Saumon aux épices tandoori, riz noir et petits légumes","Riz noir cuit 22,8%, saumon (POISSONS) qualité sans arêtes* 21,4%, tomate pelée concassée 13,4% (tomate, jus de tomate). carotte jaune 9,4%, poivron rouge 7,7%, épinard 4,1%, chou kale 4,1%, oignon rouge 4,1%, eau, LAIT fermenté, pâte tandoori 1,8% [LAIT fermenté, tomate, ail, épices, crème (LAIT) fouettée, pâte de poivron (poivron, jus de citron concentré), pâte d'oignon frit (oignon sel, eau, huile de tournesol, jus de citron, fibre d'agrume), menthe, feuille de coriandre, huile de tournesol, sel], oignon, échalote cive, purée de tomate, concentré de tomate, persil, sel, fibre d'acacia, huile d'olive vierge extra, protéines de LAIT, paprika, poivre blanc, piment de Cayenne.","RIZ,NOIR,CUIT,SAUMON,QUALIT,SANS,ARTES,TOMATE,PELE,CONCASSE,CAROTTE,JAUNE,POIVRON,ROUGE,PINARD,CHOU,KALE,OIGNON,ROUGE,EAU,LAIT,FERMENT,PTE,TANDOORI,LAIT,FERMENT,TOMATE,AIL,PICES,CRME,FOUETTE,PTE,DE,POIVRON,PTE,DOIGNON,FRIT,MENTHE,FEUILLE,DE,CORIANDRE,HUILE,DE,TOURNESOL,SEL,OIGNON,CHALOTE,CIVE,PURE,DE,TOMATE,CONCENTR,DE,TOMATE,PERSIL,SEL,FIBRE,DACACIA,HUILE,DOLIVE,VIERGE,EXTRA,PROTINES,DE,LAIT,PAPRIKA,POIVRE,BLANC,PIMENT,DE,CAYENNE","O,O,O,O,O,O,O,O,O,O,O,O,O,O,O,O,O,O,O,O,B-PROTEIN,O,O,O,B-PROTEIN,O,O,O,O,O,O,O,O,O,O,O,O,O,O,O,O,O,O,O,B-SODIUM,O,O,O,O,O,O,O,O,O,O,B-SODIUM,O,O,O,O,O,O,O,O,B-PROTEIN,O,O,O,O,O,O"
3270160695881,Poulet et petites pâtes sauce aux champignons,"Pâte cuite cuisinée 43,3% (origine Italie) [eau, semoule de _BLÉ_ dur (_GLUTEN_), huile de tournesol, sel], champignon de Paris 20,1% (origine UE), filet de poulet cuit rôti traité en salaison [filet de poulet 15,3% (origine : UE), eau, dextrose, fécule de pomme de terre, sel], crème liquide (_LAIT_), eau, emmental râpé (contient: _LAIT_) [origine France, Allemagne, Pays-Bas], farine de riz, _LAIT_ entier en poudre, beurre (_LAIT_), sel, extrait de poulet [eau, os et viande de poulet (origine: France)], persil, jus de citron, cèpe en poudre 0,09%, poivre blanc.

Peut contenir des traces de : oeuf, arachide, moutarde.","PTE,CUITE,CUISINE,EAU,SEMOULE,DE,BL,DUR,HUILE,DE,TOURNESOL,SEL,CHAMPIGNON,DE,PARIS,FILET,DE,POULET,CUIT,RTI,TRAIT,EN,SALAISON,FILET,DE,POULET,EAU,DEXTROSE,FCULE,DE,POMME,DE,TERRE,SEL,CRME,LIQUIDE,EAU,EMMENTAL,RP,ORIGINE,FRANCE,ALLEMAGNE,PAYSBAS,FARINE,DE,RIZ,LAIT,ENTIER,EN,POUDRE,BEURRE,SEL,EXTRAIT,DE,POULET,EAU,OS,ET,VIANDE,DE,POULET,PERSIL,JUS,DE,CITRON,CPE,EN,POUDRE,POIVRE,BLANC,PEUT,CONTENIR,DES,TRACES,DE,OEUF,ARACHIDE,MOUTARDE","O,O,O,O,O,O,O,O,O,O,O,B-SODIUM,O,O,O,O,O,O,O,O,O,O,O,O,O,O,O,B-SUGAR,O,O,O,O,O,B-SODIUM,O,O,O,O,O,O,O,O,O,O,O,O,B-PROTEIN,O,O,O,O,B-SODIUM,O,O,O,O,O,O,O,O,O,O,O,O,O,O,O,O,O,O,O,O,O,O,O,O,O,O"
3270160860333,"Poêlée de gnocchis (tomates, mozzarella)","Gnocchi à la pomme de terre précuit (origine : Italie) [semoule de blé (gluten), pomme de terre déshydratée 19,4 %, eau, sel], purée de tomate 12,2%, oignon grillé 6,3 %, mozzarella 6 % [lait, sel, présure microbienne, acidifiant : acide citrique], tomate cerise 4.2 %; épinard 3,1 %, tomate cerise mi séchée 2,6 %, huile d'olive vierge extra, 2,3 %, basilic, ail, préparation d'oignon (jus d'oignon concentré, huile de tournesol), sel, poivre.
peut contenir des traces de : oeuf, arachide, moutarde.","GNOCCHI,LA,POMME,DE,TERRE,PRCUIT,SEMOULE,DE,BL,POMME,DE,TERRE,DSHYDRATE,EAU,SEL,PURE,DE,TOMATE,OIGNON,GRILL,MOZZARELLA,LAIT,SEL,PRSURE,MICROBIENNE,ACIDIFIANT,ACIDE,CITRIQUE,TOMATE,CERISE,PINARD,TOMATE,CERISE,MI,SCHE,HUILE,DOLIVE,VIERGE,EXTRA,BASILIC,AIL,PRPARATION,DOIGNON,SEL,POIVRE,PEUT,CONTENIR,DES,TRACES,DE,OEUF,ARACHIDE,MOUTARDE","O,O,O,O,O,O,O,O,O,O,O,O,O,O,B-SODIUM,O,O,O,O,O,O,B-PROTEIN,B-SODIUM,O,O,O,O,O,O,O,O,O,O,O,O,O,O,O,O,O,O,O,O,B-SODIUM,O,O,O,O,O,O,O,O,O"
3270160696871,"Lasagnes saumon, epinard","Epinards 20,6%, lait entier de écrémé réhydraté 20%, saumon Atlantique qualité sans arêtés* 15,4% (_poissons_), eau, pâte précuite [semoule de blé dur (_gluten_), eau, oeuf entier issu de poules élevées en plein air en poudre 0,1%, sel], crème fraîche liquide (_lait_), farine de blé (_gluten_), échalote, emmental râpé (contient : _lait_ , origine : Pays-Bas) 2,8%, vin blanc, fumet de poissons [eau, cabillaud (_poissons_), oignon, carotte, sel, épices, plantes aromatiques], jus de citron concentré, beurre (_lait_), sel, huile de tournesol, basilic, muscade, ail en poudre, poivre, curcuma. peut contenir des traces de : crustacés, soja, fruits à coque, céleri, moutarde, sésame, sulfites, mollusques.","EPINARDS,LAIT,ENTIER,DE,CRM,RHYDRAT,SAUMON,ATLANTIQUE,QUALIT,SANS,ARTS,EAU,PTE,PRCUITE,SEMOULE,DE,BL,DUR,EAU,OEUF,ENTIER,ISSU,DE,POULES,LEVES,EN,PLEIN,AIR,EN,POUDRE,SEL,CRME,FRACHE,LIQUIDE,FARINE,DE,BL,CHALOTE,EMMENTAL,RP,VIN,BLANC,FUMET,DE,POISSONS,EAU,CABILLAUD,OIGNON,CAROTTE,SEL,PICES,PLANTES,AROMATIQUES,JUS,DE,CITRON,CONCENTR,BEURRE,SEL,HUILE,DE,TOURNESOL,BASILIC,MUSCADE,AIL,EN,POUDRE,POIVRE,CURCUMA,PEUT,CONTENIR,DES,TRACES,DE,CRUSTACS,SOJA,FRUITS,COQUE,CLERI,MOUTARDE,SSAME,SULFITES,MOLLUSQUES","O,B-PROTEIN,O,O,O,O,O,O,O,O,O,O,O,O,O,O,O,O,O,O,O,O,O,O,O,O,O,O,O,O,B-SODIUM,O,O,O,O,O,O,O,O,O,O,O,O,O,O,O,O,O,O,B-SODIUM,O,O,O,O,O,O,O,O,B-SODIUM,O,O,O,O,O,O,O,O,O,O,O,O,O,O,O,O,B-PROTEIN,O,O,O,O,O,O,O"
3270160744824,2 dos de cabillaud façon fish and chips,"Dos de cabillaud (_poisson_) 70% (Gadus morhua, pêché en Atlantique Nord-Est) qualité sans arête, eau, huile de tournesol, farine de blé (_gluten_), farine de maïs, amidon de blé (_gluten_), huile de colza, amidon transformé de maïs, sel, poudre à lever (diphosphate disodique, carbonate acide de sodium), _gluten_ de blé, _lait_ écrémé en poudre.","DOS,DE,CABILLAUD,QUALIT,SANS,ARTE,EAU,HUILE,DE,TOURNESOL,FARINE,DE,BL,FARINE,DE,MAS,AMIDON,DE,BL,HUILE,DE,COLZA,AMIDON,TRANSFORM,DE,MAS,SEL,POUDRE,LEVER,GLUTEN,DE,BL,LAIT,CRM,EN,POUDRE","O,O,O,O,O,O,O,O,O,O,O,O,O,O,O,O,O,O,O,O,O,O,O,O,O,O,B-SODIUM,O,O,O,O,O,B-PROTEIN,O,O,O"
3270160862870,Émincés de poulet conchiglie complètes et légumes à l'italienne,"Pâte conchiglie complète cuite 22,8% [eau, semoule de BLÉ dur complet (GLUTEN)], émincé de poulet cuit traité en salaison [filet de poulet 17,8% (origine: UE), eau, sel], tomate pelée concassée 10,8% (tomate, jus de tomate), poivron rouge et jaune grillé 11,3%, courgette grillée 9,6%, aubergine grillée 6,2%, eau, tomate 3,4%, mozzarella râpée 2,2% (contient : LAIT), oignon rouge, poivron rouge grillé saumuré 1,2% (poivron rouge, eau, sel), basilic 1,1%, huile d'olive vierge extra, fibre de chicorée, purée de tomate double concentrée 0,6%, oignon, amidon de riz, poivron rouge 0,2%, oignon en poudre, ail, sel, LAIT écrémé en poudre, origan, persil, carotte 0,02%, thym, poivre blanc, herbes de Provence, TabascoⓇ (vinaigre, piment rouge vieilli, sel). Peut contenir des traces de: céleri, moutarde.","PTE,CONCHIGLIE,COMPLTE,CUITE,EAU,SEMOULE,DE,BL,DUR,COMPLET,MINC,DE,POULET,CUIT,TRAIT,EN,SALAISON,FILET,DE,POULET,EAU,SEL,TOMATE,PELE,CONCASSE,POIVRON,ROUGE,ET,JAUNE,GRILL,COURGETTE,GRILLE,AUBERGINE,GRILLE,EAU,TOMATE,MOZZARELLA,RPE,OIGNON,ROUGE,POIVRON,ROUGE,GRILL,SAUMUR,BASILIC,HUILE,DOLIVE,VIERGE,EXTRA,FIBRE,DE,CHICORE,PURE,DE,TOMATE,DOUBLE,CONCENTRE,OIGNON,AMIDON,DE,RIZ,POIVRON,ROUGE,OIGNON,EN,POUDRE,AIL,SEL,LAIT,CRM,EN,POUDRE,ORIGAN,PERSIL,CAROTTE,THYM,POIVRE,BLANC,HERBES,DE,PROVENCE,TABASCO,PEUT,CONTENIR,DES,TRACES,DE,CLERI,MOUTARDE","O,O,O,O,O,O,O,O,O,O,O,O,O,O,O,O,O,O,O,O,O,B-SODIUM,O,O,O,O,O,O,O,O,O,O,O,O,O,O,O,O,O,O,O,O,O,O,O,O,O,O,O,O,O,O,O,O,O,O,O,O,O,O,O,O,O,O,O,O,O,B-SODIUM,B-PROTEIN,O,O,O,O,O,O,O,O,O,O,O,O,O,O,O,O,O,O,O,O"
3270160725915,"Colin d'Alaska au citron et au basilic, risotto verde","Filet de colin d'Alaska (POISSONS) qualité sans arête* 20,5%, riz cuit 22%, eau, petit pois 13,6%, crème fraîche liquide légère (LAIT) 7,1%, brocoli 6,1%, épinard 5,1%, LAIT écrémé en poudre, jus de citron 1%, tomate semi-déshydratée marinée (tomate, huile de colza, sel, origan, ail), farine de riz, amidon de maïs, fibre de chicorée, Parmigiano Reggiano AOP** (contient : LAIT) 0,4%, basilic 0,4%, bouillon de légumes (légumes et jus de cuisson de légumes, extrait de vin blanc, sel, huile de tournesol, extraits d'épices), échalote, sel, zeste de citron 0,08%, poivre.

* Malgré tout le soin apporté à la préparation de nos poissons, la présence exceptionnelle d'arête n'est jamais exclue.

** AOP: Appellation d'Origine Protégée.

Peut contenir des traces de : gluten.","FILET,DE,COLIN,DALASKA,QUALIT,SANS,ARTE,RIZ,CUIT,EAU,PETIT,POIS,CRME,FRACHE,LIQUIDE,LGRE,BROCOLI,PINARD,LAIT,CRM,EN,POUDRE,JUS,DE,CITRON,TOMATE,SEMIDSHYDRATE,MARINE,FARINE,DE,RIZ,AMIDON,DE,MAS,FIBRE,DE,CHICORE,PARMIGIANO,REGGIANO,AOP,BASILIC,BOUILLON,DE,LGUMES,CHALOTE,SEL,ZESTE,DE,CITRON,POIVRE,MALGR,TOUT,LE,SOIN,APPORT,LA,PRPARATION,DE,NOS,POISSONS,LA,PRSENCE,EXCEPTIONNELLE,DARTE,NEST,JAMAIS,EXCLUE,AOP,APPELLATION,DORIGINE,PROTGE,PEUT,CONTENIR,DES,TRACES,DE,GLUTEN","O,O,O,O,O,O,O,O,O,O,O,O,O,O,O,O,O,O,B-PROTEIN,O,O,O,O,O,O,O,O,O,O,O,O,O,O,O,O,O,O,O,O,O,O,O,O,O,O,B-SODIUM,O,O,O,O,O,O,O,O,O,O,O,O,O,O,O,O,O,O,O,O,O,O,O,O,O,O,O,O,O,O,O"
3270160754656,Poêlée de légumes à la provencale,"Courgette grillée* 37,5%, tomate pelée* 20%, poivron jaune* 17%, oignon rouge grillé* 8%, huile d'olive vierge extra*, oignon* 4,2%, eau, olive noire entière dénoyautée saumurée* 2,5% [olive, eau, sel], ail*, basilic*, amidon de riz*, sel. *Issu(e) de l'agriculture biologique.","COURGETTE,GRILLE,TOMATE,PELE,POIVRON,JAUNE,OIGNON,ROUGE,GRILL,HUILE,DOLIVE,VIERGE,EXTRA,OIGNON,EAU,OLIVE,NOIRE,ENTIRE,DNOYAUTE,SAUMURE,OLIVE,EAU,SEL,AIL,BASILIC,AMIDON,DE,RIZ,SEL,ISSU,DE,LAGRICULTURE,BIOLOGIQUE","O,O,O,O,O,O,O,O,O,O,O,O,O,O,O,O,O,O,O,O,O,O,B-SODIUM,O,O,O,O,O,B-SODIUM,O,O,O,O"
3270160634439,Tagliatelles à la carbonara,"Tagliatelle aux CEUFS cuisinée [eau, tagliatelle aux ŒUFS 19,8% (semoule de BLÉ dur (GLUTEN), CEUF entier issu de poule élevée en plein air (liquide, pasteurisé), huile de tournesol, sel], crème liquide 17,1% (LAIT), eau, lardon cuít fumé traité en salaison 15% [poitrine de porc (origine: France*), sel, arômes naturels (contient naturellement des polyphenols), antioxydant: acide ascorbique], fromage à pâte dure (contient : LAIT), farine de riz, jaune d'OEUF issu de poules élevées en plein air (liquide, pasteurisé), farine de BLÉ (GLUTEN), sel, poivre blanc, muscade. Peut contenir des traces de: arachide, moutarde.","TAGLIATELLE,AUX,CEUFS,CUISINE,EAU,TAGLIATELLE,AUX,UFS,CEUF,ENTIER,ISSU,DE,POULE,LEVE,EN,PLEIN,AIR,HUILE,DE,TOURNESOL,SEL,CRME,LIQUIDE,EAU,LARDON,CUT,FUM,TRAIT,EN,SALAISON,POITRINE,DE,PORC,SEL,ARMES,NATURELS,ANTIOXYDANT,ACIDE,ASCORBIQUE,FROMAGE,PTE,DURE,FARINE,DE,RIZ,JAUNE,DOEUF,ISSU,DE,POULES,LEVES,EN,PLEIN,AIR,FARINE,DE,BL,SEL,POIVRE,BLANC,MUSCADE,PEUT,CONTENIR,DES,TRACES,DE,ARACHIDE,MOUTARDE","O,O,O,O,O,O,O,O,O,O,O,O,O,O,O,O,O,O,O,O,B-SODIUM,O,O,O,O,O,O,O,O,O,O,O,O,B-SODIUM,O,O,O,O,O,O,O,O,O,O,O,O,O,O,O,O,O,O,O,O,O,O,O,B-SODIUM,O,O,O,O,O,O,O,O,O,O"
3270160598373,Ratatouille cuisinée Bio,"Tomate* 20%, aubergine grillée* 16%, courgette grillée* 16%, eau, pulpe de tomate* 14%, oignon grillé* 7,7%, poivrons rouge et jaune grillés* 7%, huile d'olive vierge-extra* 3,5%, sel, amidon de riz*, carotte*, ail*. *Issu(e) de l'agriculture biologique","TOMATE,AUBERGINE,GRILLE,COURGETTE,GRILLE,EAU,PULPE,DE,TOMATE,OIGNON,GRILL,POIVRONS,ROUGE,ET,JAUNE,GRILLS,HUILE,DOLIVE,VIERGEEXTRA,SEL,AMIDON,DE,RIZ,CAROTTE,AIL,ISSU,DE,LAGRICULTURE,BIOLOGIQUE","O,O,O,O,O,O,O,O,O,O,O,O,O,O,O,O,O,O,O,B-SODIUM,O,O,O,O,O,O,O,O,O"
3270160695621,"Crevettes à l'indienne, lentilles corail et légumes","Lentille corail cuite 26,7%, queue de crevette crue décortiquée (CRUSTACÉS) 20%, eau, courgette 7,7%, yaourt nature brassé 1% de matière grasse (LAIT) 6,6%, carotte 5,5%, épinard 4,6%, tomate 4,6%, oignon 3%, poivron jaune 2,3%, échalote, lait de coco en poudre 1,1% [lait de noix de coco, maltodextrine, caséinate de sodium (LAIT)], fumet de POISSONS [eau, POISSONS, sel, huile de tournesol, vin blanc, fibre d'agrumes, oignon en poudre], huile d'olive vierge extra, beurre (LAIT), LAIT entier en poudre, jus de citron, farine de riz, ail, fibre de lin, huile de tournesol, sauce au POISSONS 0,15% (extrait de POISSONS (anchois), sel, eau), curcuma, coriandre en poudre, sel, basilic, cumin, gingembre, thym, cannelle, piment de cayenne.

Peut contenir des traces de: oeuf, arachide, céleri.","LENTILLE,CORAIL,CUITE,QUEUE,DE,CREVETTE,CRUE,DCORTIQUE,EAU,COURGETTE,YAOURT,NATURE,BRASS,DE,MATIRE,GRASSE,CAROTTE,PINARD,TOMATE,OIGNON,POIVRON,JAUNE,CHALOTE,LAIT,DE,COCO,EN,POUDRE,LAIT,DE,NOIX,DE,COCO,MALTODEXTRINE,CASINATE,DE,SODIUM,FUMET,DE,POISSONS,EAU,POISSONS,SEL,HUILE,DE,TOURNESOL,VIN,BLANC,FIBRE,DAGRUMES,OIGNON,EN,POUDRE,HUILE,DOLIVE,VIERGE,EXTRA,BEURRE,LAIT,ENTIER,EN,POUDRE,JUS,DE,CITRON,FARINE,DE,RIZ,AIL,FIBRE,DE,LIN,HUILE,DE,TOURNESOL,SAUCE,AU,POISSONS,SEL,EAU,CURCUMA,CORIANDRE,EN,POUDRE,SEL,BASILIC,CUMIN,GINGEMBRE,THYM,CANNELLE,PIMENT,DE,CAYENNE,PEUT,CONTENIR,DES,TRACES,DE,OEUF,ARACHIDE,CLERI","O,O,O,O,O,O,O,O,O,O,O,O,O,O,O,O,O,O,O,O,O,O,O,B-PROTEIN,O,O,O,O,B-PROTEIN,O,B-PROTEIN,O,O,O,O,O,B-SODIUM,O,O,O,O,O,B-SODIUM,O,O,O,O,O,O,O,O,O,O,O,O,O,O,O,B-PROTEIN,O,O,O,O,O,O,O,O,O,O,O,O,O,O,O,O,O,O,O,B-SODIUM,O,O,O,O,O,B-SODIUM,O,O,O,O,O,O,O,O,O,O,O,O,O,O,O,O"
3270160865826,"Saumon, duo de guinoa et orge, purée aux légumes verts, sauce vierge à la framboise","Filet de _saumon_ Atlantique 22,3%, brocoli 19,4%, quinoa blanc précuit 10,9% (eau, quinoa blanc 2,6%), _orge_ précuite 8,5% (eau, _orge_ 3,6%), fève pelée 7,7%, tomate mi-séchée assaisonnée 5,6% (tomate, huile de tournesol, sel, ail, origan, marjolaine, persil), pomme de terre précuite, _crème_ liquide, eau, quinoa rouge précuit 3,2% (eau, quinoa rouge 2,1%), huile de tournesol, huile d'olive vierge extra, échalote, fibre de pois, brisure de framboise 0,7%, coriandre, sel, jus de citron vert, oignon rouge, persil, ail, ciboulette, jus de citron à base de concentré 0,2% (eau, jus de citron concentré), mélange 5 baies, amidon de riz, graines de _sésame_ noir 0,03%, poivre blanc.

Peut contenir des traces de : crustacés, œuf, soja, fruits à coque, céleri, moutarde, mollusques.","FILET,DE,SAUMON,ATLANTIQUE,BROCOLI,QUINOA,BLANC,PRCUIT,ORGE,PRCUITE,FVE,PELE,TOMATE,MISCHE,ASSAISONNE,POMME,DE,TERRE,PRCUITE,CRME,LIQUIDE,EAU,QUINOA,ROUGE,PRCUIT,HUILE,DE,TOURNESOL,HUILE,DOLIVE,VIERGE,EXTRA,CHALOTE,FIBRE,DE,POIS,BRISURE,DE,FRAMBOISE,CORIANDRE,SEL,JUS,DE,CITRON,VERT,OIGNON,ROUGE,PERSIL,AIL,CIBOULETTE,JUS,DE,CITRON,BASE,DE,CONCENTR,MLANGE,BAIES,AMIDON,DE,RIZ,GRAINES,DE,SSAME,NOIR,POIVRE,BLANC,PEUT,CONTENIR,DES,TRACES,DE,CRUSTACS,UF,SOJA,FRUITS,COQUE,CLERI,MOUTARDE,MOLLUSQUES","O,O,O,O,O,O,O,O,O,O,O,O,O,O,O,O,O,O,O,O,O,O,O,O,O,O,O,O,O,O,O,O,O,O,O,O,O,O,O,O,B-SODIUM,O,O,O,O,O,O,O,O,O,O,O,O,O,O,O,O,O,O,O,O,O,O,O,O,O,O,O,O,O,O,O,O,O,B-PROTEIN,O,O,O,O,O"
3248833087967,Riz à la cantonaise,"Riz parfumé cuit 59,4%, eau, oeufs 6,6% (oeufs entiers de poules élevées en plein air 4,9%, eau, huile de colza, amidon de pomme de terre, sel, jus de citron concentré, poivre, curcuma, paprika), jambon cuit supérieur fumé 4,4% (jambon de porc origine France, sel, arômes naturels*, antioxydant : acide ascorbique), petits pois 4,4%, carottes 4,4%, oignons préfrits (oignons, huile de tournesol), fond de volaille (jus et graisse de volaille : poulet, dinde, canard, oie; carottes, sel, plantes aromatiques), huile de colza, sel, extrait de langoustines, purée de gingembre 0,1%, huile de sésame grillé.","RIZ,PARFUM,CUIT,EAU,OEUFS,JAMBON,CUIT,SUPRIEUR,FUM,PETITS,POIS,CAROTTES,OIGNONS,PRFRITS,FOND,DE,VOLAILLE,HUILE,DE,COLZA,SEL,EXTRAIT,DE,LANGOUSTINES,PURE,DE,GINGEMBRE,HUILE,DE,SSAME,GRILL","O,O,O,O,O,O,O,O,O,O,O,O,O,O,O,O,O,O,O,O,B-SODIUM,O,O,O,O,O,O,O,O,O,O"
3270160193301,4 filets de cabillaud panure croustillante,"Filet de cabillaud (poisson) 65%, farine de blé, huiles de tournesol et de colza, eau, levure, sel, gluten de blé","FILET,DE,CABILLAUD,FARINE,DE,BL,HUILES,DE,TOURNESOL,ET,DE,COLZA,EAU,LEVURE,SEL,GLUTEN,DE,BL","O,O,O,O,O,O,O,O,O,O,O,O,O,O,B-SODIUM,O,O,O"
